id,name,price,category
207,"Denon, AVR-S540BT",243.52,AV-ресивер
208,"Denon, AVR-X3700H",1305.52,AV-ресивер
209,"Denon, AVR-X4700H",1620.21,AV-ресивер
210,"Denon, AVR-X6700H",2050.31,AV-ресивер
211,"Denon, AVC-X4700H",1496.81,AV-ресивер
212,"Denon, AVR-S750H",430.49,AV-ресивер
213,"Denon, AVR-X1600H",504.44,AV-ресивер
214,"Denon, AVR-X2700H",870.77,AV-ресивер
363,"Harman Kardon, AVR 151",171.22,AV-ресивер
364,"Harman Kardon, AVR 1510S",240.41,AV-ресивер
365,"Harman Kardon, AVR 151S",270.74,AV-ресивер
366,"Harman Kardon, AVR 161S",352.03,AV-ресивер
367,"Harman Kardon, AVR 171",339.96,AV-ресивер
368,"Harman Kardon, AVR 1710S",489.26,AV-ресивер
369,"Harman Kardon, AVR 171S",392.47,AV-ресивер
370,"Harman Kardon, AVR 370",510.07,AV-ресивер
371,"Harman Kardon, HK 3770",486.62,AV-ресивер
445,"Heco, Avorio 300",344.89,AV-ресивер
446,"Heco, Avorio 500",504.26,AV-ресивер
660,"KEF, RX-A2",609.52,AV-ресивер
661,"KEF, RX-A3",747.59,AV-ресивер
662,"KEF, RX-A4",880.05,AV-ресивер
855,"Magnat, MMS 730",688.96,AV-ресивер
856,"Magnat, MMS 850",697.66,AV-ресивер
947,"Marantz, SR7015",2047.19,AV-ресивер
948,"Marantz, NR1200",609.37,AV-ресивер
949,"Marantz, NR1510",534.92,AV-ресивер
950,"Marantz, NR1711",664.58,AV-ресивер
951,"Marantz, SR5015",880.01,AV-ресивер
952,"Marantz, SR6015",1260.23,AV-ресивер
953,"Marantz, SR8015",2490.42,AV-ресивер
1033,"Onkyo, TX-RZ840",1260.03,AV-ресивер
1034,"Onkyo, TX-8270",588.31,AV-ресивер
1035,"Onkyo, TX-RZ50",1020.22,AV-ресивер
1036,"Onkyo, TX-SR393",348.92,AV-ресивер
1037,"Onkyo, TX-SR494",336.22,AV-ресивер
1077,"Pioneer, VSX-534",294.93,AV-ресивер
1078,"Pioneer, VSX-832",373.35,AV-ресивер
1079,"Pioneer, Elite SC-LX904",2490.19,AV-ресивер
1080,"Pioneer, SC-LX801",1640.02,AV-ресивер
1081,"Pioneer, SC-LX904",2699.12,AV-ресивер
1082,"Pioneer, VSX-LX504",1068.08,AV-ресивер
1083,"Pioneer, Elite SC-LX704",1312.33,AV-ресивер
1084,"Pioneer, Elite VSX-LX104",595.95,AV-ресивер
1085,"Pioneer, Elite VSX-LX303",711.85,AV-ресивер
1086,"Pioneer, Elite VSX-LX503",879.52,AV-ресивер
1087,"Pioneer, Elite VSX-LX504",1320.26,AV-ресивер
1088,"Pioneer, SC-LX502",830.98,AV-ресивер
1089,"Pioneer, SC-LX701",1218.68,AV-ресивер
1090,"Pioneer, SC-LX704",1335.14,AV-ресивер
1091,"Pioneer, VSX-933",415.41,AV-ресивер
1092,"Pioneer, VSX-LX303",720.26,AV-ресивер
1093,"Pioneer, VSX-LX305",860.65,AV-ресивер
1429,"Sony, STR-DH590",226.82,AV-ресивер
1430,"Sony, STR-ZA5000ES",2550.08,AV-ресивер
1431,"Sony, STR-DN1080",696.97,AV-ресивер
1432,"Sony, STR-ZA1100ES",830.98,AV-ресивер
1433,"Sony, STR-ZA810ES",984.23,AV-ресивер
1574,"Yamaha, RX-V385",249.26,AV-ресивер
1575,"Yamaha, RX-A3080",1935.7,AV-ресивер
1576,"Yamaha, RX-A6A",1780.65,AV-ресивер
1577,"Yamaha, RX-A8A",2125.47,AV-ресивер
1578,"Yamaha, RX-A1080",1078.59,AV-ресивер
1579,"Yamaha, RX-A2A",656.69,AV-ресивер
1580,"Yamaha, RX-A4A",1275.91,AV-ресивер
1581,"Yamaha, RX-A680",552.41,AV-ресивер
1582,"Yamaha, RX-V485",420.66,AV-ресивер
1583,"Yamaha, RX-V4A",534.99,AV-ресивер
1584,"Yamaha, RX-V6A",860.83,AV-ресивер
1585,"Yamaha, RX-V8A",1320.9,AV-ресивер
90,"Bose, Virtually Invisible 591",298.17,Настенная акустика
99,"Bowers & Wilkins, CCM362",680.53,Настенная акустика
100,"Bowers & Wilkins, CWM663",480.93,Настенная акустика
150,"Dali, Fazon Mikro",328.91,Настенная акустика
151,"Dali, Phantom E-50",290.67,Настенная акустика
152,"Dali, Phantom E-60",340.86,Настенная акустика
153,"Dali, Phantom H-50",249.88,Настенная акустика
154,"Dali, Phantom M-250",1230.98,Настенная акустика
155,"Dali, Phantom S-180",2700.32,Настенная акустика
156,"Dali, Phantom S-280",4100.83,Настенная акустика
157,"Dali, Phantom S-80",2025.96,Настенная акустика
158,"Dali, Rubicon LCR",1740.85,Настенная акустика
159,"Dali, Fazon LCR",534.93,Настенная акустика
160,"Dali, Oberon On-Wall",492.2,Настенная акустика
161,"Dali, Oberon On-Wall C",648.53,Настенная акустика
162,"Dali, Phantom E-60 S",360.97,Настенная акустика
163,"Dali, Phantom E-80",440.75,Настенная акустика
164,"Dali, Phantom H-60",574.44,Настенная акустика
165,"Dali, Phantom H-80",731.98,Настенная акустика
201,"Definitive Technology, DI 6.5S",246.71,Настенная акустика
328,"Elac, Debut 2.0 OW4.2",160.54,Настенная акустика
352,"Focal, 100 OD8",261.59,Настенная акустика
398,"Harman Kardon, HKS 4BQ",126.79,Настенная акустика
399,"Harman Kardon, Citation Oasis",315.33,Настенная акустика
400,"Harman Kardon, Citation 500",405.97,Настенная акустика
401,"Harman Kardon, Onyx Studio 6",411.98,Настенная акустика
484,"Heco, Ambient 11F",127.74,Настенная акустика
485,"Heco, Ambient 22",104.83,Настенная акустика
486,"Heco, Ambient 22F",185.5,Настенная акустика
487,"Heco, Ambient 44F",355.9,Настенная акустика
488,"Heco, Ambient 88F",480.52,Настенная акустика
489,"Heco, Ambient 33F",290.74,Настенная акустика
490,"Heco, Ambient 44",180.47,Настенная акустика
591,"JBL, Studio 210",165.95,Настенная акустика
592,"JBL, Control 126W",202.93,Настенная акустика
593,"JBL, Control 24CT",135.29,Настенная акустика
594,"JBL, Control 28-1",301.85,Настенная акустика
595,"JBL, Control 29AV",392.2,Настенная акустика
596,"JBL, Control HST",252.52,Настенная акустика
597,"JBL, Control One Pro",132.93,Настенная акустика
598,"JBL, Control X",340.21,Настенная акустика
700,"KEF, T101",200.02,Настенная акустика
701,"KEF, T301",609.36,Настенная акустика
702,"KEF, Ci130QR",267.19,Настенная акустика
703,"KEF, Ci160CR",290.52,Настенная акустика
704,"KEF, Ci160QR",356.63,Настенная акустика
705,"KEF, Ci3160RL-THX",696.25,Настенная акустика
706,"KEF, Ci4100QL",356.84,Настенная акустика
707,"KEF, Ventura 5",246.56,Настенная акустика
776,"Klipsch, Gallery G-16",172.89,Настенная акустика
777,"Klipsch, R-41SA",218.19,Настенная акустика
778,"Klipsch, CP-6",304.54,Настенная акустика
779,"Klipsch, R-1650-W",162.86,Настенная акустика
780,"Klipsch, R-5650-S II",315.06,Настенная акустика
781,"Klipsch, R-5800-W",252.75,Настенная акустика
782,"Klipsch, R-5800-W II",267.99,Настенная акустика
783,"Klipsch, RP-500SA",440.2,Настенная акустика
784,"Klipsch, RP-600SA",440.42,Настенная акустика
785,"Klipsch, Reference Premiere Designer On-Wall",616.78,Настенная акустика
894,"Magnat, IC 82",123.92,Настенная акустика
895,"Magnat, ICQ 62",108.56,Настенная акустика
999,"Micca, M-8S",43.76,Настенная акустика
1003,"Monitor Audio, Climate 50",308.88,Настенная акустика
1004,"Monitor Audio, Radius 45",200.73,Настенная акустика
1005,"Monitor Audio, WT150-LCR",340.21,Настенная акустика
1051,"Onkyo, SKH-410",132.57,Настенная акустика
1067,"Paradigm, SA-15R-30",360.13,Настенная акустика
1136,"Pioneer, S-IW691",222.67,Настенная акустика
1137,"Pioneer, S-IC651",170.16,Настенная акустика
1138,"Pioneer, S-IC691A",180.42,Настенная акустика
1139,"Pioneer, S-IC821D",294.7,Настенная акустика
1140,"Pioneer, S-IC831A",258.79,Настенная акустика
1141,"Pioneer, S-IW871-LR",335.78,Настенная акустика
1142,"Pioneer, S-IW891L",356.29,Настенная акустика
1183,"Polk Audio, RC65i",85.6,Настенная акустика
1184,"Polk Audio, 70-RT",215.58,Настенная акустика
1205,"Pyle, PDIC60",36.19,Настенная акустика
1238,"Q-Acoustics, 1010i",156.77,Настенная акустика
1239,"Q-Acoustics, 2010",100.51,Настенная акустика
1240,"Q-Acoustics, 7000LRi",246.39,Настенная акустика
1241,"Q-Acoustics, 7000ST",172.58,Настенная акустика
1242,"Q-Acoustics, 7000i LR",210.39,Настенная акустика
1243,"Q-Acoustics, QI 65EW",210.77,Настенная акустика
1244,"Q-Acoustics, QI65C",126.45,Настенная акустика
1245,"Q-Acoustics, QI65CB",170.79,Настенная акустика
1246,"Q-Acoustics, QI65RP",150.35,Настенная акустика
1294,"Revel, Architectural by",830.68,Настенная акустика
1421,"Sonance, Visual Performance VP62R",396.79,Настенная акустика
1422,"Sonos, Architectural by Sonance",287.74,Настенная акустика
1486,"Triad, InRoom Bronze Surround",430.41,Настенная акустика
1532,"Wharfedale, DX-1SE",215.14,Настенная акустика
1533,"Wharfedale, DX-2",420.48,Настенная акустика
1628,"Yamaha, NS-AW150",96.33,Настенная акустика
1629,"Yamaha, NS-AW294",175.65,Настенная акустика
1630,"Yamaha, NS-IC600",224.24,Настенная акустика
1631,"Yamaha, NS-IC800",222.89,Настенная акустика
1632,"Yamaha, NS-AW194",126.03,Настенная акустика
1633,"Yamaha, NS-AW592",242.58,Настенная акустика
1634,"Yamaha, NS-IC400",127.55,Настенная акустика
1635,"Yamaha, NS-IC800BL",217.68,Настенная акустика
1636,"Yamaha, NS-IW660",258.23,Настенная акустика
335,"Electrohome, Karaoke Machine",176.59,Система караоке
336,"Electrohome, Karaoke Machine Speaker System",149.78,Система караоке
520,"Heco, KaraFun 100",172.11,Система караоке
521,"Heco, KaraFun 300",356.09,Система караоке
537,"ION Audio, Party Rocker Plus",280.48,Система караоке
538,"ION Audio, Block Rocker Plus",122.31,Система караоке
539,"ION Audio, Party Rocker Max",203.48,Система караоке
745,"KaraoKing, Karaoke Machine",74.82,Система караоке
746,"Karaoke USA, GF846",252.88,Система караоке
747,"Karaoke USA, GF842",172.72,Система караоке
748,"Karaoke USA, GF845",184.01,Система караоке
932,"Magnat, MC 350",467.84,Система караоке
933,"Magnat, MC 400",430.56,Система караоке
1208,"Pyle, Karaoke Vibe",130.69,Система караоке
1209,"Pyle, Portable Karaoke PA Speaker System",104.65,Система караоке
1406,"Singing Machine, SML385UW",58.47,Система караоке
1407,"Singing Machine, Carpool Karaoke",283.57,Система караоке
1408,"Singing Machine, Studio",267.08,Система караоке
1409,"Singsation, All-In-One Karaoke System",123.54,Система караоке
1410,"Singsation, Karaoke Machine",161.17,Система караоке
1411,"Singtrix, Party Bundle",261.81,Система караоке
1412,"Singtrix, Party Bundle Premium Edition",328.68,Система караоке
1413,"Singtrix, Home Karaoke System",315.88,Система караоке
1476,"TONOR, PA System Karaoke Machine",98.17,Система караоке
1506,"VocoPro, SmartTVOke Karaoke System",445.04,Система караоке
1507,"VocoPro, Karaoke System",264.9,Система караоке
1508,"VocoPro, KaraokeDual",210.98,Система караоке
1661,"Yamaha, YVS-120",504.39,Система караоке
1662,"Yamaha, YVC-200",215.93,Система караоке
97,"Bowers & Wilkins, 704 S2",2460.94,Напольная акустика
98,"Bowers & Wilkins, 603 S2 Anniversary Edition",1320.9,Напольная акустика
116,"Canton, Chrono 509.2 DC",680.47,Напольная акустика
139,"Dali, Spektor 6",656.92,Напольная акустика
140,"Dali, Spektor 7",723.25,Напольная акустика
141,"Dali, Zensor 5",840.98,Напольная акустика
142,"Dali, Zensor 7",891.17,Напольная акустика
143,"Dali, Rubicon 6",2490.91,Напольная акустика
144,"Dali, Oberon 7",1204.06,Напольная акустика
145,"Dali, Oberon 7 C",1640.45,Напольная акустика
146,"Dali, Oberon 9",1660.26,Напольная акустика
147,"Dali, Opticon 6",1892.1,Напольная акустика
148,"Dali, Opticon 8",2580.7,Напольная акустика
149,"Dali, Zensor 5 AX",1275.72,Напольная акустика
200,"Definitive Technology, BP9020",890.38,Напольная акустика
250,"Dynaudio, Evoke 30",3045.27,Напольная акустика
285,"Edifier, R1580MB",264.63,Напольная акустика
286,"Edifier, R2730DB",344.41,Напольная акустика
287,"Edifier, R2730DB-BLACK",320.78,Напольная акустика
288,"Edifier, S90HD",410.02,Напольная акустика
327,"Elac, Debut 2.0 F6.2",435.67,Напольная акустика
351,"Focal, Chora 826",1548.47,Напольная акустика
396,"Harman Kardon, Citation Tower",2075.0,Напольная акустика
397,"Harman Kardon, HKTS 60",703.57,Напольная акустика
474,"Heco, Music Colors 200",356.83,Напольная акустика
475,"Heco, Victa Prime 502",498.37,Напольная акустика
476,"Heco, Celan Revolution 9",2100.12,Напольная акустика
477,"Heco, Elementa 700",2352.72,Напольная акустика
478,"Heco, Music Style 1000",2225.08,Напольная акустика
479,"Heco, Aurora 1000",1144.07,Напольная акустика
480,"Heco, Aurora 700",829.73,Напольная акустика
481,"Heco, Music Colors 100",704.85,Напольная акустика
482,"Heco, Music Style 900",1335.51,Напольная акустика
483,"Heco, Victa Prime 702",622.62,Напольная акустика
581,"JBL, Arena 170",528.45,Напольная акустика
582,"JBL, Arena 180",623.38,Напольная акустика
583,"JBL, Stage A190",729.81,Напольная акустика
584,"JBL, Studio 590",1720.28,Напольная акустика
585,"JBL, Studio 680",711.66,Напольная акустика
586,"JBL, Stage A170",630.71,Напольная акустика
587,"JBL, Stage A180",712.43,Напольная акустика
588,"JBL, Studio 270",792.55,Напольная акустика
589,"JBL, Studio 280",830.41,Напольная акустика
590,"JBL, Studio 580",1230.0,Напольная акустика
694,"KEF, Q550",995.85,Напольная акустика
695,"KEF, R5",2240.13,Напольная акустика
696,"KEF, Q750",996.02,Напольная акустика
697,"KEF, Q950",1759.14,Напольная акустика
698,"KEF, R11",3520.1,Напольная акустика
699,"KEF, R3",2050.48,Напольная акустика
765,"Klipsch, R-620F",440.15,Напольная акустика
766,"Klipsch, R-820F",522.78,Напольная акустика
767,"Klipsch, Forte IV",4005.83,Напольная акустика
768,"Klipsch, RF-7 III",2988.59,Напольная акустика
769,"Klipsch, R-610F",340.64,Напольная акустика
770,"Klipsch, R-625FA",648.83,Напольная акустика
771,"Klipsch, RP-280F",946.09,Напольная акустика
772,"Klipsch, RP-5000F",609.41,Напольная акустика
773,"Klipsch, RP-6000F",664.37,Напольная акустика
774,"Klipsch, RP-8000F",972.55,Напольная акустика
775,"Klipsch, RP-8060FA",1392.58,Напольная акустика
875,"Magnat, Monitor Supreme 1000",164.09,Напольная акустика
876,"Magnat, Monitor Supreme 2000",870.72,Напольная акустика
877,"Magnat, Tempus 55",393.88,Напольная акустика
878,"Magnat, Tempus 77",400.8,Напольная акустика
879,"Magnat, Quantum 1005",1215.32,Напольная акустика
880,"Magnat, Quantum 1009",2100.75,Напольная акустика
881,"Magnat, Quantum 1009S",1680.29,Напольная акустика
882,"Magnat, Quantum 753",900.67,Напольная акустика
883,"Magnat, Quantum 909",2670.99,Напольная акустика
884,"Magnat, Monitor Supreme 3000",405.65,Напольная акустика
885,"Magnat, Monitor Supreme 5000",567.49,Напольная акустика
886,"Magnat, Quantum 1003S",648.36,Напольная акустика
887,"Magnat, Quantum 755",648.54,Напольная акустика
888,"Magnat, Quantum 757",1080.06,Напольная акустика
889,"Magnat, Quantum 803",830.35,Напольная акустика
890,"Magnat, Quantum 807",1044.59,Напольная акустика
891,"Magnat, Quantum 809",1305.21,Напольная акустика
892,"Magnat, Signature 505",609.22,Напольная акустика
893,"Magnat, Signature 507",648.41,Напольная акустика
985,"Marshall, Woburn II Bluetooth",510.34,Напольная акустика
1001,"Monitor Audio, Silver 200",2125.48,Напольная акустика
1002,"Monitor Audio, Bronze 5",492.71,Напольная акустика
1128,"Pioneer, SP-FS51-LR",213.16,Напольная акустика
1129,"Pioneer, SP-FS52",214.02,Напольная акустика
1130,"Pioneer, Elite SP-EFS73",860.41,Напольная акустика
1131,"Pioneer, FS52",261.51,Напольная акустика
1132,"Pioneer, S-31-LR",656.93,Напольная акустика
1133,"Pioneer, S-31-LR-K",774.31,Напольная акустика
1134,"Pioneer, S-FS52-LR",331.93,Напольная акустика
1135,"Pioneer, S-FS73A",516.13,Напольная акустика
1181,"Polk Audio, T50",168.84,Напольная акустика
1182,"Polk Audio, Monitor 70 Series II",356.55,Напольная акустика
1231,"Q-Acoustics, 2040i",680.51,Напольная акустика
1232,"Q-Acoustics, 2050",609.41,Напольная акустика
1233,"Q-Acoustics, 2050i",504.84,Напольная акустика
1234,"Q-Acoustics, 3050",623.33,Напольная акустика
1235,"Q-Acoustics, 3050C",840.5,Напольная акустика
1236,"Q-Acoustics, 3050i",696.53,Напольная акустика
1237,"Q-Acoustics, Concept 40",1335.68,Напольная акустика
1293,"Revel, Concerta2 F36",2125.18,Напольная акустика
1455,"Sony, SSCS3",134.04,Напольная акустика
1478,"Tannoy, Revolution XT 6F",1080.48,Напольная акустика
1489,"Triangle, Borea BR08",623.41,Напольная акустика
1520,"Wharfedale, Heritage Linton",2250.55,Напольная акустика
1521,"Wharfedale, Linton Heritage",1760.55,Напольная акустика
1522,"Wharfedale, Diamond 10.7",1530.81,Напольная акустика
1523,"Wharfedale, Diamond 11.3",486.61,Напольная акустика
1524,"Wharfedale, Diamond 11.4",720.71,Напольная акустика
1525,"Wharfedale, Diamond 11.5",560.46,Напольная акустика
1526,"Wharfedale, Diamond 11.6",1080.79,Напольная акустика
1527,"Wharfedale, Diamond 11.7",1296.38,Напольная акустика
1528,"Wharfedale, Diamond 12.3",574.5,Напольная акустика
1529,"Wharfedale, Diamond 230",840.02,Напольная акустика
1530,"Wharfedale, Diamond 240",1335.45,Напольная акустика
1531,"Wharfedale, Evo 4.4",765.34,Напольная акустика
1622,"Yamaha, NS-6490",352.95,Напольная акустика
1623,"Yamaha, NS-F150",323.8,Напольная акустика
1624,"Yamaha, NS-F210",160.71,Напольная акустика
1625,"Yamaha, NS-F51",351.7,Напольная акустика
1626,"Yamaha, NS-555",533.53,Напольная акустика
1627,"Yamaha, NS-777",680.09,Напольная акустика
60,"Audioengine, A5+",430.31,Полочная акустика
101,"Bowers & Wilkins, 606 S2 Anniversary Edition",574.95,Полочная акустика
102,"Bowers & Wilkins, 607 S2 Anniversary Edition",688.76,Полочная акустика
117,"Canton, GLE 426.2",396.12,Полочная акустика
166,"Dali, Spektor 1",213.5,Полочная акустика
167,"Dali, Spektor 2",252.43,Полочная акустика
168,"Dali, Zensor 1",294.93,Полочная акустика
169,"Dali, Zensor 3",324.21,Полочная акустика
170,"Dali, Epicon 2",3320.78,Полочная акустика
171,"Dali, Menuet SE",1660.2,Полочная акустика
172,"Dali, Oberon 1",478.51,Полочная акустика
173,"Dali, Oberon 3",595.91,Полочная акустика
174,"Dali, Oberon 5",801.52,Полочная акустика
175,"Dali, Opticon 1",615.02,Полочная акустика
176,"Dali, Opticon 2",765.5,Полочная акустика
177,"Dali, Opticon 5",1320.98,Полочная акустика
202,"Definitive Technology, Demand D7",468.03,Полочная акустика
237,"Denon, SC-M41",123.54,Полочная акустика
238,"Denon, SC-M50",261.14,Полочная акустика
251,"Dynaudio, Emit M10",616.67,Полочная акустика
298,"Edifier, S3000Pro",680.77,Полочная акустика
299,"Edifier, S3000Pro-BROWN",352.73,Полочная акустика
300,"Edifier, P17",117.89,Полочная акустика
301,"Edifier, R1080BT",90.9,Полочная акустика
302,"Edifier, R1080BT-WOOD",83.82,Полочная акустика
303,"Edifier, R1280DB-WHITE",127.56,Полочная акустика
304,"Edifier, R1280DB-YELLOW",112.21,Полочная акустика
305,"Edifier, R1280DBs",123.08,Полочная акустика
306,"Edifier, R1280T-BROWN",101.67,Полочная акустика
307,"Edifier, R1700BT-BLACK",115.06,Полочная акустика
308,"Edifier, R1700BT-BLUE",108.45,Полочная акустика
309,"Edifier, R1850DB",178.37,Полочная акустика
310,"Edifier, R1850DBs",162.52,Полочная акустика
311,"Edifier, R2000DB",225.81,Полочная акустика
312,"Edifier, R980T",69.93,Полочная акустика
329,"Elac, Debut 2.0 B6.2",240.15,Полочная акустика
353,"Focal, Chora 806",792.26,Полочная акустика
402,"Harman Kardon, HKTS 16BQ",119.55,Полочная акустика
403,"Harman Kardon, HKTS 20BQ",266.78,Полочная акустика
404,"Harman Kardon, HKTS 30SAT-2",161.79,Полочная акустика
405,"Harman Kardon, Citation One MKII",173.72,Полочная акустика
406,"Harman Kardon, SoundSticks 4",254.41,Полочная акустика
493,"Heco, Aurora 200",243.84,Полочная акустика
494,"Heco, Aurora 300",245.93,Полочная акустика
495,"Heco, Music Style 200",205.35,Полочная акустика
496,"Heco, Music Style 500",352.77,Полочная акустика
497,"Heco, Victa Prime 102",128.29,Полочная акустика
498,"Heco, Victa Prime 202",155.42,Полочная акустика
499,"Heco, Victa Prime 302",175.89,Полочная акустика
500,"Heco, Celan GT 202",534.46,Полочная акустика
501,"Heco, Celan GT 302",640.98,Полочная акустика
502,"Heco, Elementa 200",364.56,Полочная акустика
503,"Heco, Elementa 300",383.04,Полочная акустика
606,"JBL, Arena 120",219.76,Полочная акустика
607,"JBL, Arena 130",264.8,Полочная акустика
608,"JBL, Stage A100",112.72,Полочная акустика
609,"JBL, Stage A120",128.26,Полочная акустика
610,"JBL, Stage A130",172.81,Полочная акустика
611,"JBL, L100 Classic",3600.39,Полочная акустика
612,"JBL, Arena 140",179.1,Полочная акустика
613,"JBL, Stage A140",144.27,Полочная акустика
614,"JBL, Studio 220",251.67,Полочная акустика
615,"JBL, Studio 230",257.97,Полочная акустика
616,"JBL, Studio 530",528.53,Полочная акустика
708,"KEF, Q150",504.89,Полочная акустика
709,"KEF, Q350",679.51,Полочная акустика
710,"KEF, LS50 Meta",1260.86,Полочная акустика
711,"KEF, LSX Soundwave Edition",1215.31,Полочная акустика
786,"Klipsch, R-14M",172.65,Полочная акустика
787,"Klipsch, R-15M",222.23,Полочная акустика
788,"Klipsch, R-41M",126.6,Полочная акустика
789,"Klipsch, R-51M",237.98,Полочная акустика
790,"Klipsch, RP-150M",308.71,Полочная акустика
791,"Klipsch, RP-160M",332.39,Полочная акустика
792,"Klipsch, RP-500M",344.45,Полочная акустика
793,"Klipsch, RP-500M II",373.85,Полочная акустика
794,"Klipsch, RP-600M",457.01,Полочная акустика
898,"Magnat, Monitor Supreme 100",89.82,Полочная акустика
899,"Magnat, Monitor Supreme 1002",480.12,Полочная акустика
900,"Magnat, Monitor Supreme 202",172.83,Полочная акустика
901,"Magnat, Quantum Edelstein",880.44,Полочная акустика
902,"Magnat, Interior IW 810",297.7,Полочная акустика
903,"Magnat, Interior IW 810X",322.62,Полочная акустика
904,"Magnat, Monitor Supreme 202A",252.84,Полочная акустика
905,"Magnat, Monitor Supreme 302",336.83,Полочная акустика
906,"Magnat, Monitor Supreme 502",415.3,Полочная акустика
907,"Magnat, Quantum 673",504.13,Полочная акустика
989,"Marshall, Stanmore II",320.24,Полочная акустика
1006,"Monitor Audio, Bronze 2",328.04,Полочная акустика
1068,"Paradigm, Monitor SE Atom",261.15,Полочная акустика
1145,"Pioneer, S-CN301-LR",84.42,Полочная акустика
1146,"Pioneer, SP-BS21-LR",86.39,Полочная акустика
1147,"Pioneer, SP-BS22-LR",117.36,Полочная акустика
1148,"Pioneer, Elite SP-EBS73",615.08,Полочная акустика
1149,"Pioneer, S-31B-LR",249.91,Полочная акустика
1150,"Pioneer, S-51B",312.26,Полочная акустика
1151,"Pioneer, S-A4SPT-PM",352.59,Полочная акустика
1152,"Pioneer, SP-BS22A-LR",155.37,Полочная акустика
1185,"Polk Audio, T15",68.13,Полочная акустика
1247,"Q-Acoustics, Concept 300",2160.26,Полочная акустика
1248,"Q-Acoustics, 1010",99.72,Полочная акустика
1249,"Q-Acoustics, 2000",111.38,Полочная акустика
1250,"Q-Acoustics, 2010i",128.2,Полочная акустика
1251,"Q-Acoustics, 3010i",200.37,Полочная акустика
1252,"Q-Acoustics, 3020",185.04,Полочная акустика
1253,"Q-Acoustics, 3020i",252.44,Полочная акустика
1254,"Q-Acoustics, 3030i",356.7,Полочная акустика
1255,"Q-Acoustics, Concept 20",510.96,Полочная акустика
1256,"Q-Acoustics, Q2020i",168.23,Полочная акустика
1295,"Revel, M16",800.18,Полочная акустика
1428,"Sonus Faber, Principia 3",572.48,Полочная акустика
1457,"Sony, SSCS5",107.54,Полочная акустика
1479,"Tannoy, Eclipse Mini",141.33,Полочная акустика
1490,"Triangle, Borea BR03",324.86,Полочная акустика
1534,"Wharfedale, Diamond 220",280.17,Полочная акустика
1535,"Wharfedale, Diamond 9.0",126.47,Полочная акустика
1536,"Wharfedale, Diamond 9.1",170.82,Полочная акустика
1537,"Wharfedale, Denton 80th Anniversary Edition",696.54,Полочная акустика
1538,"Wharfedale, Denton 85th Anniversary Edition",820.98,Полочная акустика
1539,"Wharfedale, Diamond 11.0",202.57,Полочная акустика
1540,"Wharfedale, Diamond 11.1",340.08,Полочная акустика
1541,"Wharfedale, Diamond 11.2",405.21,Полочная акустика
1542,"Wharfedale, Diamond 225",498.15,Полочная акустика
1637,"Yamaha, NS-333",220.58,Полочная акустика
1638,"Yamaha, NS-B310",132.92,Полочная акустика
1639,"Yamaha, NS-BP182",123.14,Полочная акустика
103,"Bowers & Wilkins, ASW610",820.41,Сабвуфер
104,"Bowers & Wilkins, ASW608",534.13,Сабвуфер
118,"Canton, SUB 8.3",405.79,Сабвуфер
180,"Dali, Sub C-8 D",480.59,Сабвуфер
181,"Dali, Sub E-9 F",680.94,Сабвуфер
182,"Dali, Sub K-14 F",1335.69,Сабвуфер
183,"Dali, Sub P-10 DSS",1914.76,Сабвуфер
184,"Dali, E-12 F",747.87,Сабвуфер
185,"Dali, Sub E-12 F",672.6,Сабвуфер
186,"Dali, Sub K-14",1190.6,Сабвуфер
203,"Definitive Technology, ProSub 800",311.56,Сабвуфер
240,"Denon, DSW-1H",522.88,Сабвуфер
252,"Dynaudio, Sub 6",2175.34,Сабвуфер
324,"Edifier, R501BT",170.22,Сабвуфер
325,"Edifier, R501BTs",166.91,Сабвуфер
326,"Edifier, T5",107.21,Сабвуфер
330,"Elac, Debut 2.0 SUB3010",348.06,Сабвуфер
354,"Focal, Sub 1000 F",630.76,Сабвуфер
417,"Harman Kardon, HKTS 210SUB",260.17,Сабвуфер
418,"Harman Kardon, Citation Sub",829.82,Сабвуфер
419,"Harman Kardon, Citation Sub S",567.13,Сабвуфер
420,"Harman Kardon, Enchant Subwoofer",485.27,Сабвуфер
510,"Heco, Aurora Sub 30A",248.37,Сабвуфер
511,"Heco, Mercury Sub 202 A",217.51,Сабвуфер
512,"Heco, Victa Prime Sub 252A",328.15,Сабвуфер
513,"Heco, Victa Sub 251A",225.34,Сабвуфер
514,"Heco, Direkt Sub 250A",996.57,Сабвуфер
515,"Heco, Elementa Sub 3830A",924.39,Сабвуфер
516,"Heco, New Phalanx 302A",801.31,Сабвуфер
517,"Heco, Mercury Sub 252 A",344.26,Сабвуфер
518,"Heco, New Phalanx 202A",445.03,Сабвуфер
629,"JBL, Stage A100P",248.4,Сабвуфер
630,"JBL, Stage A120P",324.19,Сабвуфер
631,"JBL, PRX815XLFW",924.65,Сабвуфер
632,"JBL, Arena S10",210.68,Сабвуфер
633,"JBL, Control 50S/T",240.63,Сабвуфер
634,"JBL, Control SB210",504.15,Сабвуфер
635,"JBL, LSR310S",430.09,Сабвуфер
636,"JBL, PRX818XLF",774.62,Сабвуфер
637,"JBL, SUB 260P",435.5,Сабвуфер
638,"JBL, SUB 550P",522.71,Сабвуфер
639,"JBL, Studio 550P",515.23,Сабвуфер
728,"KEF, Kube 8b",503.16,Сабвуфер
729,"KEF, KC62",1215.93,Сабвуфер
730,"KEF, KF92-16",4000.4,Сабвуфер
731,"KEF, KF92-8",2670.28,Сабвуфер
732,"KEF, KF92",1320.43,Сабвуфер
733,"KEF, KF92-2",1680.11,Сабвуфер
734,"KEF, KF92-4",2100.95,Сабвуфер
735,"KEF, Kube 10b",712.46,Сабвуфер
736,"KEF, R400b",1274.9,Сабвуфер
797,"Klipsch, R-100SW",243.55,Сабвуфер
798,"Klipsch, R-120SW",258.49,Сабвуфер
799,"Klipsch, SPL-100",420.93,Сабвуфер
800,"Klipsch, SPL-120",415.35,Сабвуфер
801,"Klipsch, C-308ASWi",1740.09,Сабвуфер
802,"Klipsch, R-112SW",492.03,Сабвуфер
803,"Klipsch, R-115SW",729.34,Сабвуфер
804,"Klipsch, SPL-120SW",528.54,Сабвуфер
805,"Klipsch, SPL-150",801.02,Сабвуфер
912,"Magnat, Monitor Supreme Sub 200",133.89,Сабвуфер
913,"Magnat, Monitor Supreme Sub 301A",405.53,Сабвуфер
914,"Magnat, Alpha RS12",324.93,Сабвуфер
915,"Magnat, Monitor Supreme Sub 300",168.33,Сабвуфер
916,"Magnat, Monitor Supreme Sub 302A",540.08,Сабвуфер
917,"Magnat, Monitor Supreme Sub 500",213.2,Сабвуфер
918,"Magnat, Omega 300",405.92,Сабвуфер
995,"Marshall, Woburn II",656.3,Сабвуфер
1007,"Monitor Audio, Bronze W10",387.93,Сабвуфер
1008,"Monitor Audio, Silver W12",672.37,Сабвуфер
1162,"Pioneer, S-51W",173.91,Сабвуфер
1163,"Pioneer, SW-8MK2",132.71,Сабвуфер
1164,"Pioneer, Elite SW-E10",419.64,Сабвуфер
1165,"Pioneer, S-21W",134.32,Сабвуфер
1166,"Pioneer, S-71W",534.65,Сабвуфер
1167,"Pioneer, SW-10",308.16,Сабвуфер
1168,"Pioneer, SW-10MK2",267.1,Сабвуфер
1186,"Polk Audio, PSW10",126.2,Сабвуфер
1187,"Polk Audio, HTS 10",348.02,Сабвуфер
1257,"Q-Acoustics, QB50",900.68,Сабвуфер
1258,"Q-Acoustics, 2070Si",360.36,Сабвуфер
1259,"Q-Acoustics, 3010s",217.67,Сабвуфер
1260,"Q-Acoustics, 3050s",247.1,Сабвуфер
1261,"Q-Acoustics, 3060",263.05,Сабвуфер
1262,"Q-Acoustics, 3060S",336.96,Сабвуфер
1263,"Q-Acoustics, 3070S",430.73,Сабвуфер
1264,"Q-Acoustics, 7060S",308.63,Сабвуфер
1265,"Q-Acoustics, Q B10",430.33,Сабвуфер
1266,"Q-Acoustics, Q B12",510.94,Сабвуфер
1267,"Q-Acoustics, QB12",492.22,Сабвуфер
1268,"Q-Acoustics, QB20",630.57,Сабвуфер
1296,"Revel, PerformaBe B112",1660.65,Сабвуфер
1423,"Sonos, Sub (Gen 3)",602.97,Сабвуфер
1462,"Sony, SACS9",164.9,Сабвуфер
1487,"Triad, Bronze SlimSub",765.76,Сабвуфер
1548,"Wharfedale, PowerCube SPC-10",1068.17,Сабвуфер
1549,"Wharfedale, WH-D8",208.16,Сабвуфер
1550,"Wharfedale, WH-D8.2",258.78,Сабвуфер
1551,"Wharfedale, Diamond SW-150",420.91,Сабвуфер
1552,"Wharfedale, Diamond SW-250",630.4,Сабвуфер
1553,"Wharfedale, Diamond SW150",294.11,Сабвуфер
1554,"Wharfedale, PowerCube SPC-12",616.16,Сабвуфер
1555,"Wharfedale, SW-10",540.12,Сабвуфер
1556,"Wharfedale, SW-15",656.68,Сабвуфер
1557,"Wharfedale, WH-D10",405.61,Сабвуфер
1650,"Yamaha, NS-SW050",170.28,Сабвуфер
1651,"Yamaha, NS-SW050BL",106.6,Сабвуфер
1652,"Yamaha, YST-SW315",307.13,Сабвуфер
1653,"Yamaha, NS-SW1000",1117.17,Сабвуфер
1654,"Yamaha, NS-SW100",252.98,Сабвуфер
1655,"Yamaha, NS-SW200",360.24,Сабвуфер
1656,"Yamaha, NS-SW300",450.79,Сабвуфер
91,"Bose, Soundbar 700",720.18,Саундбар
92,"Bose, Smart Soundbar 300",348.95,Саундбар
93,"Bose, Solo 5",203.19,Саундбар
94,"Bose, TV Speaker",202.8,Саундбар
187,"Dali, Katch One",840.75,Саундбар
188,"Dali, Kubik Free",1148.2,Саундбар
189,"Dali, Kubik One",1008.4,Саундбар
241,"Denon, DHT-S316",240.04,Саундбар
242,"Denon, DHT-S516H",405.63,Саундбар
243,"Denon, DHT-S716H",640.73,Саундбар
421,"Harman Kardon, Citation Bar",594.39,Саундбар
422,"Harman Kardon, Citation Bar 20",240.8,Саундбар
423,"Harman Kardon, Citation Bar 40",332.44,Саундбар
424,"Harman Kardon, Citation Bar 50",378.87,Саундбар
425,"Harman Kardon, Enchant 1300",696.91,Саундбар
426,"Harman Kardon, Enchant 800",430.68,Саундбар
427,"Harman Kardon, SB 20",263.74,Саундбар
428,"Harman Kardon, SB 26",243.53,Саундбар
429,"Harman Kardon, SB 35",332.34,Саундбар
430,"Harman Kardon, SB 36",387.43,Саундбар
519,"Heco, Ascada 200 BTX",258.63,Саундбар
640,"JBL, Bar Studio",215.9,Саундбар
641,"JBL, Bar 5.1",521.89,Саундбар
806,"Klipsch, Bar 40",251.92,Саундбар
807,"Klipsch, RSB-3",170.14,Саундбар
808,"Klipsch, RSB-6",218.28,Саундбар
809,"Klipsch, Bar 54A",1275.34,Саундбар
810,"Klipsch, Heritage Theater Bar",1936.22,Саундбар
811,"Klipsch, Bar 48",444.43,Саундбар
812,"Klipsch, Cinema 400",246.34,Саундбар
831,"LG, SJ2",129.4,Саундбар
832,"LG, SK1",86.56,Саундбар
919,"Magnat, SBW 250",232.35,Саундбар
920,"Magnat, Sounddeck 100",170.48,Саундбар
921,"Magnat, Sounddeck 150",252.86,Саундбар
922,"Magnat, WSB 50 Pro",210.73,Саундбар
923,"Magnat, Sounddeck 1000",430.03,Саундбар
924,"Magnat, Sounddeck 1500",688.45,Саундбар
925,"Magnat, Sounddeck 200",344.94,Саундбар
926,"Magnat, Sounddeck 2000",720.1,Саундбар
927,"Magnat, Sounddeck 2000A",820.15,Саундбар
928,"Magnat, Sounddeck 200A",405.9,Саундбар
929,"Magnat, Sounddeck 250",168.88,Саундбар
930,"Magnat, Sounddeck 350",258.26,Саундбар
931,"Magnat, Sounddeck 450",332.38,Саундбар
1055,"Onkyo, LS-T10",352.11,Саундбар
1188,"Polk Audio, Signa S2",160.72,Саундбар
1269,"Q-Acoustics, M1",298.05,Саундбар
1270,"Q-Acoustics, M2",267.63,Саундбар
1271,"Q-Acoustics, M4i",294.68,Саундбар
1272,"Q-Acoustics, M6",396.97,Саундбар
1273,"Q-Acoustics, Media 4",324.94,Саундбар
1274,"Q-Acoustics, Q M4",348.59,Саундбар
1275,"Q-Acoustics, Q-TV2",203.0,Саундбар
1276,"Q-Acoustics, QV60",255.06,Саундбар
1315,"Samsung, HW-T450",157.1,Саундбар
1316,"Samsung, HW-T650",258.39,Саундбар
1394,"Sennheiser, AMBEO Soundbar",2175.9,Саундбар
1424,"Sonos, Arc",664.19,Саундбар
1425,"Sonos, Beam",320.8,Саундбар
1463,"Sony, HT-S100F",106.44,Саундбар
1464,"Sony, HT-X8500",270.88,Саундбар
1473,"TCL, Alto 6+",86.48,Саундбар
1505,"Vizio, SB3621n-E8",128.21,Саундбар
1657,"Yamaha, YAS-109",205.26,Саундбар
1658,"Yamaha, YAS-209",297.99,Саундбар
1659,"Yamaha, YAS-209BL",287.74,Саундбар
1660,"Yamaha, YSP-2700",1079.73,Саундбар
16,"Adam Audio, T5V",340.14,Активные колонки
57,"Audioengine, A2+",215.22,Активные колонки
131,"Dali, Kubik Free Xtra",328.73,Активные колонки
132,"Dali, Callisto 6 C",4005.21,Активные колонки
133,"Dali, Rubicon 2",3420.75,Активные колонки
134,"Dali, Rubicon 2 C",3230.71,Активные колонки
135,"Dali, Callisto 2 C",2464.04,Активные колонки
136,"Dali, Zensor 1 AX",567.24,Активные колонки
137,"Dali, Zensor AX",688.3,Активные колонки
215,"Denon, HEOS 5",311.76,Активные колонки
216,"Denon, HEOS 7",498.68,Активные колонки
249,"Dynaudio, LYD 5",528.29,Активные колонки
254,"Edifier, R1280T",86.99,Активные колонки
255,"Edifier, S2000MKIII",344.75,Активные колонки
256,"Edifier, C2XD",99.9,Активные колонки
257,"Edifier, Luna Eclipse",166.73,Активные колонки
258,"Edifier, R1280DB",104.11,Активные колонки
259,"Edifier, R1700BT",127.5,Активные колонки
260,"Edifier, R1700BTs",149.43,Активные колонки
261,"Edifier, S350DB",252.25,Активные колонки
262,"Edifier, S350DB-WHITE",258.82,Активные колонки
344,"Eve Audio, SC203",294.79,Активные колонки
350,"Focal, Alpha 50",267.98,Активные колонки
358,"Genelec, 8010A",284.38,Активные колонки
372,"Harman Kardon, SoundSticks III",165.96,Активные колонки
373,"Harman Kardon, SoundSticks Wireless",162.02,Активные колонки
447,"Heco, Pulsar 100 A",132.88,Активные колонки
448,"Heco, Pulsar 50 A",82.32,Активные колонки
449,"Heco, Direkt Einklang",2784.3,Активные колонки
450,"Heco, Ascada 2.0",653.3,Активные колонки
451,"Heco, Ascada 2.0 BTX",520.88,Активные колонки
452,"Heco, Ascada 300 BTX",623.32,Активные колонки
540,"JBL, Professional 1 Series 104-BT",127.94,Активные колонки
541,"JBL, LSR4328P",663.44,Активные колонки
542,"JBL, PartyBox 1000",1080.35,Активные колонки
543,"JBL, Control X Wireless",344.65,Активные колонки
544,"JBL, EON ONE",703.21,Активные колонки
545,"JBL, EON208P",729.22,Активные колонки
546,"JBL, EON610",348.15,Активные колонки
547,"JBL, EON612",405.06,Активные колонки
548,"JBL, EON615",415.04,Активные колонки
549,"JBL, LSR305",121.23,Активные колонки
550,"JBL, PartyBox 200",351.17,Активные колонки
551,"JBL, PartyBox 310",450.91,Активные колонки
663,"KEF, LS50 Wireless II",2295.27,Активные колонки
664,"KEF, EGG Duo",419.49,Активные колонки
665,"KEF, LS50 Meta Wireless",2460.18,Активные колонки
666,"KEF, LS50 Wireless II Meta",2905.76,Активные колонки
667,"KEF, LSX",1012.63,Активные колонки
668,"KEF, LSX II",1134.05,Активные колонки
742,"KRK, Rokit RP5 G4",240.1,Активные колонки
743,"KRK, Rokit RP7 G4",336.71,Активные колонки
744,"KRK, Rokit RP8 G4",415.68,Активные колонки
749,"Klipsch, ProMedia 2.1",128.41,Активные колонки
750,"Klipsch, ProMedia Heritage 2.1",255.86,Активные колонки
751,"Klipsch, The One II",246.4,Активные колонки
752,"Klipsch, The Fives",640.74,Активные колонки
753,"Klipsch, The Sixes",696.2,Активные колонки
754,"Klipsch, The Three II",332.63,Активные колонки
845,"M-Audio, BX5 D3",174.67,Активные колонки
849,"Mackie, CR3-X",87.74,Активные колонки
850,"Mackie, CR5-XBT",261.62,Активные колонки
857,"Magnat, Multi Monitor 220",356.99,Активные колонки
858,"Magnat, Multi Monitor 221",353.27,Активные колонки
967,"Marshall, AS50D",332.71,Активные колонки
968,"Marshall, Acton",129.06,Активные колонки
969,"Marshall, Acton II",207.82,Активные колонки
970,"Marshall, Acton II Bluetooth",208.5,Активные колонки
971,"Marshall, Stanmore",284.34,Активные колонки
972,"Marshall, Stockwell II",166.85,Активные колонки
973,"Marshall, Uxbridge",168.83,Активные колонки
1022,"Neumann, KH 80 DSP",516.43,Активные колонки
1038,"Onkyo, HT-S3910",420.79,Активные колонки
1094,"Pioneer, DM-40",127.59,Активные колонки
1095,"Pioneer, MRX-7",264.26,Активные колонки
1096,"Pioneer, S-DJ50X",212.61,Активные колонки
1097,"Pioneer, XW-BTS3-K",120.76,Активные колонки
1098,"Pioneer, XW-SMA1-K",252.18,Активные колонки
1099,"Pioneer, XW-SMA4-K",348.58,Активные колонки
1191,"PreSonus, Eris E3.5",90.4,Активные колонки
1192,"PreSonus, Eris E4.5 BT",178.5,Активные колонки
1193,"PreSonus, Eris E44",430.59,Активные колонки
1194,"PreSonus, Eris E5 XT",210.62,Активные колонки
1195,"PreSonus, Eris E7 XT",252.79,Активные колонки
1196,"PreSonus, Eris E8 XT",356.79,Активные колонки
1210,"Q-Acoustics, 4T Prestige",810.78,Активные колонки
1211,"Q-Acoustics, Q Active 400",2025.19,Активные колонки
1212,"Q-Acoustics, 2T",492.81,Активные колонки
1213,"Q-Acoustics, 3T",356.32,Активные колонки
1214,"Q-Acoustics, 4T",480.36,Активные колонки
1215,"Q-Acoustics, BT3",308.99,Активные колонки
1216,"Q-Acoustics, M20",400.07,Активные колонки
1217,"Q-Acoustics, Q Active 200",1305.52,Активные колонки
1509,"Wharfedale, DS-1",123.98,Активные колонки
1510,"Wharfedale, DS-2",176.15,Активные колонки
1511,"Wharfedale, DS-3",170.12,Активные колонки
1512,"Wharfedale, DX-4",240.52,Активные колонки
1586,"Yamaha, HS5",328.65,Активные колонки
1587,"Yamaha, HS8",623.72,Активные колонки
1588,"Yamaha, HS7",324.58,Активные колонки
1589,"Yamaha, WXA-50",405.8,Активные колонки
21,"Anker, Soundcore Mini",20.26,Беспроводная акустика
22,"Anker, Soundcore Flare+",82.82,Беспроводная акустика
23,"Anker, Soundcore Motion B",67.6,Беспроводная акустика
24,"Anker, Soundcore Motion Boom",79.7,Беспроводная акустика
25,"Anker, Soundcore Motion+",82.96,Беспроводная акустика
76,"Bose, SoundLink Color II",110.6,Беспроводная акустика
77,"Bose, SoundLink Micro",89.63,Беспроводная акустика
78,"Bose, SoundLink Revolve",164.5,Беспроводная акустика
79,"Bose, SoundLink Revolve+",246.49,Беспроводная акустика
138,"Dali, Oberon 1 C",648.12,Беспроводная акустика
217,"Denon, Home 150",220.17,Беспроводная акустика
218,"Denon, Home 250",374.34,Беспроводная акустика
374,"Harman Kardon, Onyx Studio 7",415.13,Беспроводная акустика
375,"Harman Kardon, Citation 200",261.47,Беспроводная акустика
376,"Harman Kardon, Citation 300",328.91,Беспроводная акустика
377,"Harman Kardon, Go + Play",340.31,Беспроводная акустика
453,"Heco, Direkt 800 BT",1653.92,Беспроводная акустика
454,"Heco, Ambient 3 BTX",121.6,Беспроводная акустика
455,"Heco, Ambient 5 BTX",160.93,Беспроводная акустика
456,"Heco, Direkt BT",996.6,Беспроводная акустика
552,"JBL, Clip 3",58.91,Беспроводная акустика
553,"JBL, Flip 5",104.09,Беспроводная акустика
554,"JBL, Boombox 2",415.28,Беспроводная акустика
555,"JBL, Charge 4",159.13,Беспроводная акустика
556,"JBL, PartyBox 100",308.99,Беспроводная акустика
557,"JBL, Xtreme 2",308.7,Беспроводная акустика
558,"JBL, Xtreme 3",297.93,Беспроводная акустика
669,"KEF, LS50 Wireless",1848.21,Беспроводная акустика
670,"KEF, LSX Wireless",810.17,Беспроводная акустика
671,"KEF, LSX Wireless II",1305.03,Беспроводная акустика
672,"KEF, LSX Wireless II Meta",1530.4,Беспроводная акустика
755,"Klipsch, Groove",166.18,Беспроводная акустика
756,"Klipsch, Heritage Groove",126.73,Беспроводная акустика
757,"Klipsch, Reference Wireless RW-1",179.61,Беспроводная акустика
1100,"Pioneer, Club7",304.24,Беспроводная акустика
1218,"Q-Acoustics, BT-100",130.98,Беспроводная акустика
1219,"Q-Acoustics, BT-W1",144.38,Беспроводная акустика
1220,"Q-Acoustics, BT-W2",176.51,Беспроводная акустика
1434,"Sony, SRS-XB12",42.87,Беспроводная акустика
1435,"Sony, SRS-XB23",81.07,Беспроводная акустика
1436,"Sony, SRS-XB33",121.7,Беспроводная акустика
1437,"Sony, SRS-XB43",207.58,Беспроводная акустика
1491,"Tribit, XSound Go",31.03,Беспроводная акустика
1497,"Ultimate Ears, WONDERBOOM 2",61.61,Беспроводная акустика
1498,"Ultimate Ears, BOOM 3",126.85,Беспроводная акустика
1499,"Ultimate Ears, HYPERBOOM",328.36,Беспроводная акустика
1500,"Ultimate Ears, MEGABOOM 3",160.79,Беспроводная акустика
1513,"Wharfedale, Vista 50",66.54,Беспроводная акустика
1514,"Wharfedale, Vista 100 BT",107.47,Беспроводная акустика
1515,"Wharfedale, Vista 200S",130.8,Беспроводная акустика
1516,"Wharfedale, Vista 250S",174.67,Беспроводная акустика
3,"AKG, C414 XLII",935.11,Конденсаторный микрофон
4,"AKG, C214",356.02,Конденсаторный микрофон
5,"AKG, P120",86.13,Конденсаторный микрофон
6,"AKG, P220",132.47,Конденсаторный микрофон
49,"Audio-Technica, AT2020",88.46,Конденсаторный микрофон
50,"Audio-Technica, AT2035",125.04,Конденсаторный микрофон
51,"Audio-Technica, AT4040",249.11,Конденсаторный микрофон
65,"Behringer, C-1",41.37,Конденсаторный микрофон
73,"Blue, Snowball iCE",42.85,Конденсаторный микрофон
74,"Blue, Yeti Nano",80.19,Конденсаторный микрофон
75,"Blue, Yeti X",148.33,Конденсаторный микрофон
347,"Fifine, K669B",25.76,Конденсаторный микрофон
469,"Heco, Studio Pro 10",82.34,Конденсаторный микрофон
470,"Heco, Studio Pro 30",155.77,Конденсаторный микрофон
846,"MAONO, AU-PM421",30.0,Конденсаторный микрофон
847,"MXL, 770",71.14,Конденсаторный микрофон
848,"MXL, 990",69.93,Конденсаторный микрофон
869,"Magnat, LZR 700",67.61,Конденсаторный микрофон
870,"Magnat, LZR 750",79.99,Конденсаторный микрофон
983,"Marshall, MXL 990",70.49,Конденсаторный микрофон
1021,"Neewer, NW-800",22.98,Конденсаторный микрофон
1023,"Neumann, TLM 102",567.83,Конденсаторный микрофон
1049,"Onkyo, TM-84N",97.34,Конденсаторный микрофон
1300,"Rode, NT-USB Mini",82.61,Конденсаторный микрофон
1301,"Rode, NT1",240.34,Конденсаторный микрофон
1302,"Rode, NT1-A",191.86,Конденсаторный микрофон
1303,"Rode, NT2-A",324.69,Конденсаторный микрофон
1353,"Sennheiser, ME 2-II",115.72,Конденсаторный микрофон
1354,"Sennheiser, MK 8",594.99,Конденсаторный микрофон
1355,"Sennheiser, MKH 30",730.37,Конденсаторный микрофон
1356,"Sennheiser, MKH 416",869.45,Конденсаторный микрофон
1357,"Sennheiser, MKH 50",1143.9,Конденсаторный микрофон
1358,"Sennheiser, MKH 8020",729.11,Конденсаторный микрофон
1359,"Sennheiser, E 614",185.91,Конденсаторный микрофон
1360,"Sennheiser, E 614S",216.73,Конденсаторный микрофон
1361,"Sennheiser, MK 4",249.1,Конденсаторный микрофон
1362,"Sennheiser, MKE 600",293.11,Конденсаторный микрофон
1401,"Shure, MV5",85.94,Конденсаторный микрофон
1402,"Shure, SM7B",332.8,Конденсаторный микрофон
1474,"TONOR, Q9",25.5,Конденсаторный микрофон
1475,"TONOR, TC-777",35.23,Конденсаторный микрофон
105,"Bowers & Wilkins, HTM62 S2 Anniversary Edition",704.44,Центральный канал
106,"Bowers & Wilkins, HTM72 S2 Anniversary Edition",630.21,Центральный канал
119,"Canton, GLE 455.2",332.45,Центральный канал
190,"Dali, Vokal",249.67,Центральный канал
191,"Dali, Zensor Pico Vokal",178.18,Центральный канал
192,"Dali, Zensor Vokal",332.25,Центральный канал
193,"Dali, Epicon Vokal",2975.72,Центральный канал
194,"Dali, Oberon Vokal",462.2,Центральный канал
195,"Dali, Opticon LCR",738.81,Центральный канал
196,"Dali, Opticon LCR MK2",774.45,Центральный канал
197,"Dali, Opticon Vokal",664.63,Центральный канал
204,"Definitive Technology, ProCenter 1000",258.27,Центральный канал
253,"Dynaudio, Contour 25C",1275.68,Центральный канал
331,"Elac, Debut 2.0 C5.2",170.48,Центральный канал
355,"Focal, Chora Center",348.6,Центральный канал
442,"Harman Kardon, HKTS 30C",207.44,Центральный канал
527,"Heco, Aurora Center 30",213.13,Центральный канал
528,"Heco, Victa Prime Center 102",123.89,Центральный канал
529,"Heco, Celan GT Center 42",688.82,Центральный канал
530,"Heco, Celan Revolution Center 4",480.73,Центральный канал
531,"Heco, Center 32A",291.46,Центральный канал
532,"Heco, Center 42A",369.25,Центральный канал
533,"Heco, Music Style Center 2",305.11,Центральный канал
648,"JBL, Arena 125C",217.75,Центральный канал
649,"JBL, Stage A125C",176.48,Центральный канал
650,"JBL, Stage A135C",213.5,Центральный канал
651,"JBL, Arena 55IW",176.89,Центральный канал
652,"JBL, Studio 225C",260.34,Центральный канал
653,"JBL, Studio 235C",308.44,Центральный канал
654,"JBL, Studio 520C",352.4,Центральный канал
737,"KEF, Q250c",532.82,Центральный канал
738,"KEF, T301c",420.86,Центральный канал
739,"KEF, Q650c",595.66,Центральный канал
740,"KEF, R2c",1349.61,Центральный канал
741,"KEF, T101c",352.67,Центральный канал
814,"Klipsch, R-34C",243.07,Центральный канал
815,"Klipsch, R-52C",202.93,Центральный канал
816,"Klipsch, RC-62 II",332.18,Центральный канал
817,"Klipsch, RW-34C",217.56,Центральный канал
818,"Klipsch, RP-404C",415.92,Центральный канал
819,"Klipsch, RP-450C",534.72,Центральный канал
820,"Klipsch, RP-504C",528.27,Центральный канал
938,"Magnat, Monitor S10",104.87,Центральный канал
939,"Magnat, Monitor Supreme Center 100",45.64,Центральный канал
940,"Magnat, Monitor Supreme Center 252",215.87,Центральный канал
941,"Magnat, Monitor Supreme Center 200",87.27,Центральный канал
942,"Magnat, Monitor Supreme Center 252A",172.81,Центральный канал
943,"Magnat, Monitor Supreme Center 500",135.88,Центральный канал
944,"Magnat, Shadow Center 213",162.18,Центральный канал
1009,"Monitor Audio, Bronze C150",200.95,Центральный канал
1010,"Monitor Audio, Silver C150",298.14,Центральный канал
1057,"Onkyo, TX-8220",223.1,Центральный канал
1176,"Pioneer, SP-C21",80.51,Центральный канал
1177,"Pioneer, SP-C22",89.08,Центральный канал
1178,"Pioneer, S-7EX",1620.95,Центральный канал
1179,"Pioneer, Elite SP-EC73",348.99,Центральный канал
1189,"Polk Audio, CS10",88.17,Центральный канал
1190,"Polk Audio, Signature S35",207.79,Центральный канал
1277,"Q-Acoustics, 2000Ci",126.98,Центральный канал
1278,"Q-Acoustics, 3030C",210.44,Центральный канал
1279,"Q-Acoustics, 3090",107.46,Центральный канал
1280,"Q-Acoustics, 3090C",153.16,Центральный канал
1281,"Q-Acoustics, 3090Ci",168.09,Центральный канал
1282,"Q-Acoustics, Concept Centre",324.41,Центральный канал
1283,"Q-Acoustics, Concept Centre Plus",278.53,Центральный канал
1284,"Q-Acoustics, Q-TV3",315.07,Центральный канал
1297,"Revel, C25",792.03,Центральный канал
1465,"Sony, SSCS8",102.82,Центральный канал
1488,"Triad, Bronze Center",425.22,Центральный канал
1562,"Wharfedale, Diamond 9.CS",128.08,Центральный канал
1563,"Wharfedale, Diamond 11.CC",249.2,Центральный канал
1564,"Wharfedale, Diamond 11.CS",240.48,Центральный канал
1565,"Wharfedale, Diamond 220C",324.24,Центральный канал
1673,"Yamaha, NS-C210",86.8,Центральный канал
1674,"Yamaha, NS-C210BL",75.98,Центральный канал
1675,"Yamaha, NS-C444",165.5,Центральный канал
1676,"Yamaha, NS-C700",307.89,Центральный канал
1,"AKG, D5",180.46,Динамический микрофон
2,"AKG, D40",85.8,Динамический микрофон
45,"Audio-Technica, ATM710",315.4,Динамический микрофон
46,"Audio-Technica, ATM510",82.85,Динамический микрофон
47,"Audio-Technica, ATM610a",116.1,Динамический микрофон
48,"Audio-Technica, ATR2100x-USB",90.83,Динамический микрофон
61,"Audix, OM2",84.91,Динамический микрофон
63,"Behringer, XM1800S",33.94,Динамический микрофон
64,"Behringer, XM8500",17.55,Динамический микрофон
68,"Beyerdynamic, TG V50d",80.55,Динамический микрофон
332,"Electro-Voice, RE320",261.79,Динамический микрофон
333,"Electro-Voice, ND76",112.51,Динамический микрофон
334,"Electro-Voice, PL80A",81.71,Динамический микрофон
461,"Heco, Stage 100",36.59,Динамический микрофон
462,"Heco, Stage 50",16.66,Динамический микрофон
863,"Magnat, LZR 660",59.05,Динамический микрофон
864,"Magnat, LZR 670",66.06,Динамический микрофон
980,"Marshall, MXL 440",50.81,Динамический микрофон
981,"Marshall, MXL 770",87.9,Динамический микрофон
1041,"Onkyo, TM-150",100.91,Динамический микрофон
1042,"Onkyo, TM-151",83.86,Динамический микрофон
1204,"Pyle, PDMIC58",13.83,Динамический микрофон
1298,"Rode, M1",90.45,Динамический микрофон
1299,"Rode, M2",144.15,Динамический микрофон
1335,"Sennheiser, e 835",85.56,Динамический микрофон
1336,"Sennheiser, e 835-S",96.7,Динамический микрофон
1337,"Sennheiser, e 845",97.28,Динамический микрофон
1338,"Sennheiser, MD 441-U",764.29,Динамический микрофон
1339,"Sennheiser, e935",148.0,Динамический микрофон
1340,"Sennheiser, E 602",137.55,Динамический микрофон
1341,"Sennheiser, E 609",104.62,Динамический микрофон
1342,"Sennheiser, E 835S",103.95,Динамический микрофон
1343,"Sennheiser, E 904",171.19,Динамический микрофон
1344,"Sennheiser, E835",88.9,Динамический микрофон
1345,"Sennheiser, e 602-II",130.44,Динамический микрофон
1346,"Sennheiser, e 609 Silver",89.0,Динамический микрофон
1347,"Sennheiser, e 835S",90.62,Динамический микрофон
1348,"Sennheiser, e 901",204.48,Динамический микрофон
1349,"Sennheiser, e 906",168.26,Динамический микрофон
1350,"Sennheiser, e 935",152.18,Динамический микрофон
1351,"Sennheiser, e835",87.05,Динамический микрофон
1352,"Sennheiser, e945",189.43,Динамический микрофон
1396,"Shure, PGA48",34.51,Динамический микрофон
1397,"Shure, Beta 58A",137.89,Динамический микрофон
1398,"Shure, SM58",98.1,Динамический микрофон
1399,"Shure, Beta 57A",127.58,Динамический микрофон
1400,"Shure, SM57",86.64,Динамический микрофон
36,"Anthem, AVM 70",2580.03,AV-процессор
40,"Arcam, AV860",3400.64,AV-процессор
41,"Arcam, AVR30",3600.85,AV-процессор
205,"Denon, AVC-X8500H",3600.95,AV-процессор
206,"Denon, AVC-X6700H",2225.5,AV-процессор
337,"Emotiva, RMC-1",2075.77,AV-процессор
338,"Emotiva, XMC-1",1260.94,AV-процессор
339,"Emotiva, XMC-2",1680.89,AV-процессор
443,"Heco, Aura 1000",1008.97,AV-процессор
444,"Heco, Aura 2000",1230.22,AV-процессор
834,"Lexicon, MC-10",2580.67,AV-процессор
835,"Lexicon, MC-8",1700.13,AV-процессор
853,"Magnat, MP 1000",850.67,AV-процессор
854,"Magnat, MP 2000",935.34,AV-процессор
945,"Marantz, AV7706",2075.72,AV-процессор
946,"Marantz, AV8805",3780.37,AV-процессор
1014,"NAD, T 778",2640.51,AV-процессор
1028,"Onkyo, TX-NR797",1700.87,AV-процессор
1029,"Onkyo, PR-RZ5100",2150.28,AV-процессор
1030,"Onkyo, TX-NR575E",510.81,AV-процессор
1031,"Onkyo, TX-NR595",672.86,AV-процессор
1032,"Onkyo, TX-NR696",1056.93,AV-процессор
1304,"Rotel, RSP-1572",1335.93,AV-процессор
1305,"Rotel, RSP-1576MKII",2460.46,AV-процессор
1571,"Yamaha, CX-A5200",2321.38,AV-процессор
1572,"Yamaha, CX-A5100",1620.13,AV-процессор
1573,"Yamaha, CX-A5200BL",2670.74,AV-процессор
12,"ART, DJPREII",41.58,Предусилитель
66,"Behringer, Microphono PP400",20.76,Предусилитель
114,"Cambridge Audio, Azur 851N",1275.03,Предусилитель
248,"Douk Audio, P2",64.9,Предусилитель
340,"Emotiva, BasX PT-100",246.89,Предусилитель
356,"Fosi Audio, P1 Tube",41.57,Предусилитель
357,"Fosi Audio, T20",86.6,Предусилитель
506,"Heco, Prelude 200",202.58,Предусилитель
507,"Heco, Prelude 300",336.26,Предусилитель
908,"Magnat, MR 760",630.44,Предусилитель
909,"Magnat, MR 780",623.67,Предусилитель
1013,"Musical Fidelity, MX-VYNL",890.77,Предусилитель
1018,"NAD, C 165BEE",705.0,Предусилитель
1025,"Nobsound, Mini",44.9,Предусилитель
1026,"Nobsound, NS-10G PRO",61.27,Предусилитель
1069,"Parasound, Halo P5",960.93,Предусилитель
1155,"Pioneer, U-05-S",656.2,Предусилитель
1203,"Pro-Ject, Audio Systems Pre Box S2 Digital",336.99,Предусилитель
1206,"Pyle, P1001AT",89.63,Предусилитель
1207,"Pyle, PP555",25.02,Предусилитель
1291,"Rega, Fono Mini A2D",147.65,Предусилитель
1318,"Schiit Audio, Schiit Saga+",328.29,Предусилитель
1644,"Yamaha, WXC-50",294.69,Предусилитель
110,"Cambridge Audio, AXA35",298.2,Интегральный усилитель
111,"Cambridge Audio, CXA60",656.06,Интегральный усилитель
112,"Cambridge Audio, CXA61",800.51,Интегральный усилитель
113,"Cambridge Audio, CXA81",984.35,Интегральный усилитель
226,"Denon, PMA-150H",672.11,Интегральный усилитель
227,"Denon, PMA-1600NE",984.55,Интегральный усилитель
228,"Denon, PMA-600NE",332.79,Интегральный усилитель
229,"Denon, PMA-800NE",534.99,Интегральный усилитель
393,"Harman Kardon, HK 3700",314.92,Интегральный усилитель
394,"Harman Kardon, HK 990",2340.08,Интегральный усилитель
395,"Harman Kardon, HK 3490",399.59,Интегральный усилитель
465,"Heco, Esprit 200",243.29,Интегральный усилитель
466,"Heco, Esprit 300",473.43,Интегральный усилитель
867,"Magnat, MA 1000",968.72,Интегральный усилитель
868,"Magnat, MA 900",890.38,Интегральный усилитель
956,"Marantz, PM5005",324.26,Интегральный усилитель
957,"Marantz, PM6006",609.01,Интегральный усилитель
958,"Marantz, PM6007",595.92,Интегральный усилитель
959,"Marantz, PM7000N",870.51,Интегральный усилитель
960,"Marantz, PM8006",1079.44,Интегральный усилитель
982,"Marshall, Origin20C",435.23,Интегральный усилитель
1015,"NAD, C 316BEE V2",340.83,Интегральный усилитель
1016,"NAD, C 368",756.74,Интегральный усилитель
1017,"NAD, C 388",1320.52,Интегральный усилитель
1044,"Onkyo, A-9110",280.94,Интегральный усилитель
1045,"Onkyo, A-9010",332.21,Интегральный усилитель
1046,"Onkyo, A-9070",800.1,Интегральный усилитель
1047,"Onkyo, A-9150",528.91,Интегральный усилитель
1114,"Pioneer, A-10AE",252.8,Интегральный усилитель
1115,"Pioneer, SX-S30",434.3,Интегральный усилитель
1116,"Pioneer, A-70",1080.5,Интегральный усилитель
1117,"Pioneer, A-10",128.45,Интегральный усилитель
1118,"Pioneer, A-20",207.83,Интегральный усилитель
1119,"Pioneer, A-40AE",533.16,Интегральный усилитель
1120,"Pioneer, A-50DA",756.13,Интегральный усилитель
1121,"Pioneer, A-70DA",1080.09,Интегральный усилитель
1603,"Yamaha, A-S201",206.82,Интегральный усилитель
1604,"Yamaha, A-S301",328.04,Интегральный усилитель
1605,"Yamaha, A-S1200",1740.95,Интегральный усилитель
1606,"Yamaha, A-S2200",2610.05,Интегральный усилитель
1607,"Yamaha, A-S3200SL",6090.02,Интегральный усилитель
1608,"Yamaha, A-S1100",1230.04,Интегральный усилитель
1609,"Yamaha, A-S501",522.95,Интегральный усилитель
1610,"Yamaha, A-S701",688.42,Интегральный усилитель
1611,"Yamaha, A-S701BL",720.49,Интегральный усилитель
1612,"Yamaha, A-S801",850.63,Интегральный усилитель
42,"Audio-Technica, AT-LP60X",86.68,Виниловый проигрыватель
43,"Audio-Technica, AT-LP120XUSB",255.56,Виниловый проигрыватель
44,"Audio-Technica, AT-LP5X",492.99,Виниловый проигрыватель
122,"Clearaudio, Concept",1494.34,Виниловый проигрыватель
128,"Crosley, Cruiser Deluxe",62.89,Виниловый проигрыватель
222,"Denon, DP-29F",164.05,Виниловый проигрыватель
223,"Denon, DP-300F",336.24,Виниловый проигрыватель
224,"Denon, DP-450USB",492.58,Виниловый проигрыватель
348,"Fluance, RT80",212.94,Виниловый проигрыватель
349,"Fluance, RT81",258.7,Виниловый проигрыватель
386,"Harman Kardon, T60",1720.24,Виниловый проигрыватель
459,"Heco, Spin 500",312.01,Виниловый проигрыватель
460,"Heco, Spin 900",516.09,Виниловый проигрыватель
861,"Magnat, TT 900",496.84,Виниловый проигрыватель
862,"Magnat, TT 990",504.25,Виниловый проигрыватель
954,"Marantz, TT-15S1",1260.92,Виниловый проигрыватель
955,"Marantz, TT42P",332.81,Виниловый проигрыватель
1012,"Music Hall, MMF-2.3",391.64,Виниловый проигрыватель
1040,"Onkyo, CP-1050",420.31,Виниловый проигрыватель
1109,"Pioneer, PL-30-K",335.99,Виниловый проигрыватель
1110,"Pioneer, PLX-1000",581.84,Виниловый проигрыватель
1111,"Pioneer, PLX-500",287.83,Виниловый проигрыватель
1200,"Pro-Ject, Debut Carbon Evo",504.08,Виниловый проигрыватель
1201,"Pro-Ject, Debut Carbon DC",324.51,Виниловый проигрыватель
1202,"Pro-Ject, Essential III",340.91,Виниловый проигрыватель
1288,"Rega, Planar 3",779.23,Виниловый проигрыватель
1289,"Rega, Planar 1",374.23,Виниловый проигрыватель
1290,"Rega, Planar 2",522.37,Виниловый проигрыватель
1443,"Sony, PS-LX310BT",174.5,Виниловый проигрыватель
1444,"Sony, PS-HX500",445.59,Виниловый проигрыватель
1484,"Technics, SL-1500C",972.75,Виниловый проигрыватель
1485,"Thorens, TD-170-1",567.74,Виниловый проигрыватель
1496,"U-Turn Audio, Orbit Basic",212.77,Виниловый проигрыватель
1502,"Victrola, Vintage 3-Speed",45.53,Виниловый проигрыватель
1597,"Yamaha, MusicCast VINYL 500",609.87,Виниловый проигрыватель
1598,"Yamaha, MusicCast Vinyl 500",616.4,Виниловый проигрыватель
58,"Audioengine, HD6",623.36,Комплекты акустики
59,"Audioengine, HD3",348.17,Комплекты акустики
85,"Bose, Companion 50",283.7,Комплекты акустики
86,"Bose, Companion 2 Series III",89.09,Комплекты акустики
87,"Bose, Companion 20",205.94,Комплекты акустики
127,"Creative, Pebble 2.0",22.07,Комплекты акустики
130,"Cyber Acoustics, CA-3602",33.21,Комплекты акустики
230,"Denon, D-M41",405.08,Комплекты акустики
467,"Heco, Victa 200 Cinema",440.95,Комплекты акустики
468,"Heco, Victa 300 Cinema",609.56,Комплекты акустики
576,"JBL, One Series 104-BT",157.33,Комплекты акустики
577,"JBL, Professional 1 Series",170.61,Комплекты акустики
762,"Klipsch, R-41PM",324.82,Комплекты акустики
763,"Klipsch, R-51PM",410.33,Комплекты акустики
764,"Klipsch, Reference Theater Pack 5.1",679.91,Комплекты акустики
838,"Logitech, Z313",43.3,Комплекты акустики
839,"Logitech, Z407",69.22,Комплекты акустики
840,"Logitech, Z623",127.7,Комплекты акустики
851,"Mackie, CR3-XBT",126.94,Комплекты акустики
852,"Mackie, CR4-XBT",168.52,Комплекты акустики
1048,"Onkyo, SKF-4800",486.23,Комплекты акустики
1221,"Q-Acoustics, 2020i 5.1",1134.26,Комплекты акустики
1222,"Q-Acoustics, 3020i 5.1",1020.47,Комплекты акустики
1223,"Q-Acoustics, 7000LRi 5.1",1445.21,Комплекты акустики
1224,"Q-Acoustics, 7000i Plus 5.1",1377.71,Комплекты акустики
1225,"Q-Acoustics, Concept 40i 5.1",1826.9,Комплекты акустики
1226,"Q-Acoustics, 3010i 5.1",1020.4,Комплекты акустики
1227,"Q-Acoustics, 3020i 2.1",800.47,Комплекты акустики
1228,"Q-Acoustics, 3050i 5.1",1245.82,Комплекты акустики
1229,"Q-Acoustics, 3070Si 5.1",1424.22,Комплекты акустики
1230,"Q-Acoustics, 7000i 5.1",870.65,Комплекты акустики
1518,"Wharfedale, OBSIDIAN 600 HCP",672.36,Комплекты акустики
1519,"Wharfedale, Obsidian 600 HCP",696.98,Комплекты акустики
1613,"Yamaha, NX-50",83.09,Комплекты акустики
7,"AKG, K361",84.84,Наушники с микрофоном
13,"ASUS, ROG Delta",111.86,Наушники с микрофоном
14,"ASUS, ROG Strix Go 2.4",126.19,Наушники с микрофоном
15,"ASUS, TUF Gaming H3",42.32,Наушники с микрофоном
52,"Audio-Technica, ATH-M40X",89.56,Наушники с микрофоном
69,"Beyerdynamic, DT 240 Pro",81.42,Наушники с микрофоном
123,"Corsair, HS60 Pro",56.08,Наушники с микрофоном
124,"Corsair, HS35",33.29,Наушники с микрофоном
125,"Corsair, HS50",44.68,Наушники с микрофоном
126,"Corsair, HS50 Pro",41.97,Наушники с микрофоном
235,"Denon, AH-D9200",1290.73,Наушники с микрофоном
236,"Denon, AH-D1200",160.44,Наушники с микрофоном
289,"Edifier, HECATE GM2",124.93,Наушники с микрофоном
290,"Edifier, HECATE GM3",166.41,Наушники с микрофоном
291,"Edifier, HECATE GM3-GREEN",168.2,Наушники с микрофоном
292,"Edifier, HECATE GM5-BLUE",249.13,Наушники с микрофоном
293,"Edifier, T5-PLUS",210.33,Наушники с микрофоном
294,"Edifier, G4 SE",50.15,Наушники с микрофоном
295,"Edifier, G4 TE",56.21,Наушники с микрофоном
296,"Edifier, K800",36.08,Наушники с микрофоном
297,"Edifier, K800-PINK",33.68,Наушники с микрофоном
491,"Heco, Voice 200",35.53,Наушники с микрофоном
492,"Heco, Voice 500",62.68,Наушники с микрофоном
534,"HyperX, Cloud Flight",127.96,Наушники с микрофоном
535,"HyperX, Cloud II",86.77,Наушники с микрофоном
536,"HyperX, Cloud Stinger Core",43.54,Наушники с микрофоном
599,"JBL, Quantum 100",43.5,Наушники с микрофоном
600,"JBL, Quantum 200",51.9,Наушники с микрофоном
601,"JBL, Quantum 300",71.28,Наушники с микрофоном
602,"JBL, Quantum One",255.17,Наушники с микрофоном
603,"JBL, Quantum 400",85.58,Наушники с микрофоном
604,"JBL, Quantum 600",109.71,Наушники с микрофоном
605,"JBL, Quantum 800",132.85,Наушники с микрофоном
655,"JVC, HA-L50B",12.54,Наушники с микрофоном
659,"Jabra, Evolve 40",58.94,Наушники с микрофоном
841,"Logitech, H390",21.04,Наушники с микрофоном
842,"Logitech, G Pro X",113.51,Наушники с микрофоном
843,"Logitech, G332",42.07,Наушники с микрофоном
844,"Logitech, G432",64.87,Наушники с микрофоном
896,"Magnat, LZR 760 ANC",164.01,Наушники с микрофоном
897,"Magnat, LZR 760 BT",178.7,Наушники с микрофоном
986,"Marshall, MID Bluetooth",151.4,Наушники с микрофоном
987,"Marshall, Major III Bluetooth",132.78,Наушники с микрофоном
988,"Marshall, Mode",58.41,Наушники с микрофоном
1000,"Microsoft, LifeChat LX-3000",25.99,Наушники с микрофоном
1011,"Mpow, 071",26.13,Наушники с микрофоном
1052,"Onkyo, ED-PH0N3S",133.79,Наушники с микрофоном
1065,"Panasonic, RP-HF100M-K",16.94,Наушники с микрофоном
1143,"Pioneer, HDJ-X5",103.98,Наушники с микрофоном
1144,"Pioneer, HDJ-X7",160.04,Наушники с микрофоном
1180,"Plantronics, Audio 628",34.0,Наушники с микрофоном
1285,"Razer, BlackShark V2",83.9,Наушники с микрофоном
1286,"Razer, Kraken Tournament Edition",71.33,Наушники с микрофоном
1287,"Razer, Kraken X",41.97,Наушники с микрофоном
1363,"Sennheiser, PC 2 Chat",16.34,Наушники с микрофоном
1364,"Sennheiser, PC 3 Chat",25.85,Наушники с микрофоном
1365,"Sennheiser, PC 3.2 CHAT",16.84,Наушники с микрофоном
1366,"Sennheiser, PC 5 Chat",31.69,Наушники с микрофоном
1367,"Sennheiser, PC 7 USB",25.54,Наушники с микрофоном
1368,"Sennheiser, PC 8",41.92,Наушники с микрофоном
1369,"Sennheiser, PC 8 USB",32.69,Наушники с микрофоном
1370,"Sennheiser, PC 8.2 CHAT",41.34,Наушники с микрофоном
1371,"Sennheiser, SC 130 USB",34.62,Наушники с микрофоном
1372,"Sennheiser, SC 135 USB",51.67,Наушники с микрофоном
1373,"Sennheiser, SC 160 USB",82.35,Наушники с микрофоном
1374,"Sennheiser, SC 165",65.61,Наушники с микрофоном
1375,"Sennheiser, SC 165 USB",68.1,Наушники с микрофоном
1376,"Sennheiser, SC 260 USB MS II",110.29,Наушники с микрофоном
1377,"Sennheiser, SC 60 USB ML",62.9,Наушники с микрофоном
1418,"Skullcandy, Riff Wireless",33.06,Наушники с микрофоном
1456,"Sony, WH-CH510",54.0,Наушники с микрофоном
1470,"SteelSeries, Arctis 1",41.59,Наушники с микрофоном
1471,"SteelSeries, Arctis 3",57.81,Наушники с микрофоном
1472,"SteelSeries, Arctis 5",84.24,Наушники с микрофоном
1495,"Turtle Beach, Recon 70",33.61,Наушники с микрофоном
17,"Amazon, Echo Dot (4th Gen)",45.77,Умная колонка
18,"Amazon, Echo (4th Gen)",87.31,Умная колонка
19,"Amazon, Echo Dot (3rd Gen)",35.63,Умная колонка
20,"Amazon, Echo Show 5",67.28,Умная колонка
34,"Anker, Soundcore Flare Mini",34.46,Умная колонка
35,"Anker, Soundcore Rave Mini",132.23,Умная колонка
39,"Apple, HomePod mini",81.32,Умная колонка
95,"Bose, Home Speaker 300",208.24,Умная колонка
96,"Bose, Portable Smart Speaker",294.16,Умная колонка
244,"Denon, Home 350",672.74,Умная колонка
245,"Denon, Home 550",890.61,Умная колонка
359,"Google, Nest Mini",42.82,Умная колонка
360,"Google, Home Max",252.94,Умная колонка
361,"Google, Nest Audio",83.58,Умная колонка
362,"Google, Nest Hub",82.82,Умная колонка
431,"Harman Kardon, Citation 100",246.08,Умная колонка
432,"Harman Kardon, Citation 100 MKII",168.43,Умная колонка
433,"Harman Kardon, Citation 100 MKIII",261.74,Умная колонка
434,"Harman Kardon, Citation 200 MKII",218.43,Умная колонка
435,"Harman Kardon, Citation 300 MKII",340.62,Умная колонка
436,"Harman Kardon, Citation 50 MKII",172.39,Умная колонка
437,"Harman Kardon, Citation 500 MKII",516.21,Умная колонка
438,"Harman Kardon, Citation 500 MKIII",498.56,Умная колонка
439,"Harman Kardon, Citation 700",609.21,Умная колонка
440,"Harman Kardon, Citation Oasis 2",200.41,Умная колонка
441,"Harman Kardon, Invoke",331.31,Умная колонка
522,"Heco, Ascada 600",595.68,Умная колонка
523,"Heco, Aleva GT 202",205.82,Умная колонка
524,"Heco, Aleva GT 402",261.93,Умная колонка
642,"JBL, Link 20",170.13,Умная колонка
643,"JBL, Link Music",81.22,Умная колонка
644,"JBL, Link Portable",151.97,Умная колонка
645,"JBL, Link 10",85.72,Умная колонка
646,"JBL, Link 300",172.75,Умная колонка
647,"JBL, Link 500",246.3,Умная колонка
813,"Klipsch, The Three",419.43,Умная колонка
934,"Magnat, Prime Advanced",159.63,Умная колонка
935,"Magnat, Prime Classic",157.21,Умная колонка
996,"Marshall, Acton II Voice",217.88,Умная колонка
997,"Marshall, Stanmore II Voice",340.69,Умная колонка
998,"Marshall, Uxbridge Voice",164.17,Умная колонка
1169,"Pioneer, MRX-3",171.33,Умная колонка
1170,"Pioneer, MRX-5",217.36,Умная колонка
1171,"Pioneer, FAYOLA FS-W40",405.5,Умная колонка
1172,"Pioneer, FAYOLA FS-W50",492.45,Умная колонка
1173,"Pioneer, XW-SX70-K",305.11,Умная колонка
1426,"Sonos, Move",348.82,Умная колонка
1427,"Sonos, One",166.86,Умная колонка
1558,"Wharfedale, Vista 150",172.07,Умная колонка
1559,"Wharfedale, Vista 300",202.76,Умная колонка
1560,"Wharfedale, Vista 400",261.24,Умная колонка
1561,"Wharfedale, Vista 450",311.89,Умная колонка
1566,"Xiaomi, Mi Smart Speaker",36.04,Умная колонка
1567,"Xiaomi, Mi Smart Clock",42.4,Умная колонка
1568,"Xiaomi, Mi Smart Display",83.56,Умная колонка
1569,"Xiaomi, XiaoAI Speaker Art",68.6,Умная колонка
1663,"Yamaha, MusicCast 20",169.8,Умная колонка
1664,"Yamaha, WX-021",126.59,Умная колонка
1665,"Yamaha, WX-021BL",86.47,Умная колонка
1666,"Yamaha, WX-051",266.27,Умная колонка
1667,"Yamaha, WX-051BL",166.13,Умная колонка
81,"Bose, Lifestyle 600",2460.49,Домашний кинотеатр
82,"Bose, Lifestyle 650",3200.8,Домашний кинотеатр
83,"Bose, CineMate 15",415.77,Домашний кинотеатр
84,"Bose, SoundTouch 130",830.99,Домашний кинотеатр
225,"Denon, DHT-S216",207.71,Домашний кинотеатр
284,"Edifier, M601DB",324.06,Домашний кинотеатр
387,"Harman Kardon, BDS 335",516.36,Домашний кинотеатр
388,"Harman Kardon, BDS 485S",534.02,Домашний кинотеатр
389,"Harman Kardon, BDS 585S",696.66,Домашний кинотеатр
390,"Harman Kardon, BDS 635",720.26,Домашний кинотеатр
391,"Harman Kardon, BDS 685S",581.57,Домашний кинотеатр
392,"Harman Kardon, BDS 885S",870.68,Домашний кинотеатр
463,"Heco, Music Style 5000",747.07,Домашний кинотеатр
464,"Heco, Music Style 9000",880.43,Домашний кинотеатр
573,"JBL, Bar 2.1",267.49,Домашний кинотеатр
574,"JBL, Bar 9.1",819.54,Домашний кинотеатр
575,"JBL, Cinema 610",335.64,Домашний кинотеатр
760,"Klipsch, Reference Theater Pack",820.28,Домашний кинотеатр
761,"Klipsch, Cinema 600",486.18,Домашний кинотеатр
822,"LG, LHD457",172.2,Домашний кинотеатр
823,"LG, SN11RG",1200.38,Домашний кинотеатр
824,"LG, LHD657",332.33,Домашний кинотеатр
825,"LG, SK4D",267.11,Домашний кинотеатр
826,"LG, SL5Y",261.16,Домашний кинотеатр
865,"Magnat, Cinema Star 5.1",1909.88,Домашний кинотеатр
866,"Magnat, Cinema Ultra THX",2025.71,Домашний кинотеатр
1043,"Onkyo, HT-S3900",336.26,Домашний кинотеатр
1058,"Panasonic, SC-XH105",164.96,Домашний кинотеатр
1059,"Panasonic, SC-HTB900",880.83,Домашний кинотеатр
1060,"Panasonic, SC-HTB400",249.51,Домашний кинотеатр
1061,"Panasonic, SC-HTB600",294.09,Домашний кинотеатр
1112,"Pioneer, HTP-074",328.94,Домашний кинотеатр
1113,"Pioneer, Elite FS-EB70",830.13,Домашний кинотеатр
1309,"Samsung, HT-J5500W",264.56,Домашний кинотеатр
1310,"Samsung, HW-Q800T",830.83,Домашний кинотеатр
1311,"Samsung, HW-Q950A",1800.49,Домашний кинотеатр
1312,"Samsung, HW-Q950T",1512.24,Домашний кинотеатр
1313,"Samsung, HW-Q60T",340.13,Домашний кинотеатр
1314,"Samsung, HW-Q70T",492.32,Домашний кинотеатр
1445,"Sony, BDV-E2100",207.98,Домашний кинотеатр
1446,"Sony, HT-A7000",1157.55,Домашний кинотеатр
1447,"Sony, HT-ST5000",1260.34,Домашний кинотеатр
1448,"Sony, HT-G700",425.44,Домашний кинотеатр
1449,"Sony, HT-S350",203.18,Домашний кинотеатр
1503,"Vizio, SB3651-E6",203.25,Домашний кинотеатр
1504,"Vizio, SB46514-F6",672.9,Домашний кинотеатр
1517,"Wharfedale, OBSIDIAN 600 Cinema",870.99,Домашний кинотеатр
1599,"Yamaha, YHT-4930UBL",304.95,Домашний кинотеатр
1600,"Yamaha, YHT-4950U",424.84,Домашний кинотеатр
1601,"Yamaha, YHT-5950U",498.13,Домашний кинотеатр
1602,"Yamaha, YSP-5600",1360.82,Домашний кинотеатр
107,"BoyuuRange, MT-34 MKII",203.22,Ламповый усилитель
108,"Bravo Audio, V2",86.6,Ламповый усилитель
120,"Cary Audio, SLI-100",4250.26,Ламповый усилитель
121,"Cayin, HA-1A MK2",712.95,Ламповый усилитель
198,"DarkVoice, 336SE",205.58,Ламповый усилитель
246,"Douk Audio, Mini 6J1",50.61,Ламповый усилитель
247,"Douk Audio, P1",178.8,Ламповый усилитель
345,"FX AUDIO, TUBE-01",35.79,Ламповый усилитель
346,"Feliks Audio, Echo",581.11,Ламповый усилитель
471,"Heco, Tubes 100",1800.49,Ламповый усилитель
833,"Leben, CS600",4050.54,Ламповый усилитель
836,"Line Magnetic, LM-508IA",2800.94,Ламповый усилитель
837,"Little Dot, MKII",172.89,Ламповый усилитель
871,"Magnat, RV 3",2349.98,Ламповый усилитель
872,"Magnat, RV 4",2550.61,Ламповый усилитель
984,"Marshall, DSL40CR",630.66,Ламповый усилитель
1024,"Nobsound, NS-02E",43.57,Ламповый усилитель
1197,"PrimaLuna, EVO 200",2610.86,Ламповый усилитель
1198,"PrimaLuna, EVO 400",3480.41,Ламповый усилитель
1199,"PrimaLuna, EVO 100",2100.32,Ламповый усилитель
1292,"Reisong, A10 EL34",261.6,Ламповый усилитель
1317,"Schiit Audio, Schiit Vali 2+",132.63,Ламповый усилитель
1501,"Unison Research, Simply Italy",3520.76,Ламповый усилитель
1570,"YAQIN, MC-13S",425.42,Ламповый усилитель
1677,"Yaqin, MC-10T",328.93,Ламповый усилитель
62,"Bang & Olufsen, Beosound 1",1602.93,Музыкальный центр
88,"Bose, Wave Music System IV",801.08,Музыкальный центр
89,"Bose, Wave SoundTouch IV",516.14,Музыкальный центр
231,"Denon, DCD-1600NE",738.59,Музыкальный центр
232,"Denon, DCD-600NE",328.51,Музыкальный центр
233,"Denon, DCD-800NE",534.13,Музыкальный центр
234,"Denon, DNP-800NE",574.22,Музыкальный центр
472,"Heco, Concerto 5000",2075.38,Музыкальный центр
473,"Heco, Concerto 3000",1720.72,Музыкальный центр
578,"JBL, Horizon 2",112.83,Музыкальный центр
579,"JBL, Playlist",129.97,Музыкальный центр
580,"JBL, PartyBox 300",440.53,Музыкальный центр
827,"LG, CM4590",164.24,Музыкальный центр
828,"LG, CK43",205.84,Музыкальный центр
829,"LG, CK99",415.61,Музыкальный центр
830,"LG, CL65",336.23,Музыкальный центр
873,"Magnat, MC 200",492.8,Музыкальный центр
874,"Magnat, MC 300",539.61,Музыкальный центр
961,"Marantz, M-CR612",595.36,Музыкальный центр
962,"Marantz, NA6006",664.64,Музыкальный центр
1050,"Onkyo, CS-375",258.07,Музыкальный центр
1062,"Panasonic, SC-UX100",97.35,Музыкальный центр
1063,"Panasonic, SC-TMAX10",356.4,Музыкальный центр
1064,"Panasonic, SC-UA30",225.2,Музыкальный центр
1072,"Philips, FX10",83.66,Музыкальный центр
1073,"Philips, FX50",132.25,Музыкальный центр
1074,"Philips, FX80",176.3,Музыкальный центр
1122,"Pioneer, X-CM56B",173.94,Музыкальный центр
1123,"Pioneer, DJ DDJ-400",223.27,Музыкальный центр
1124,"Pioneer, X-CM66D",218.07,Музыкальный центр
1125,"Pioneer, X-HM76",404.93,Музыкальный центр
1126,"Pioneer, X-HM86D",498.44,Музыкальный центр
1127,"Pioneer, X-PM32",249.61,Музыкальный центр
1395,"Sharp, XL-BH250",113.26,Музыкальный центр
1450,"Sony, CMT-SBT100",128.46,Музыкальный центр
1451,"Sony, LBT-GPX555",664.64,Музыкальный центр
1452,"Sony, GTK-PG10",223.34,Музыкальный центр
1453,"Sony, MHC-V13",258.45,Музыкальный центр
1454,"Sony, SHAKE-X30D",522.65,Музыкальный центр
1614,"Yamaha, MCR-N470",567.19,Музыкальный центр
1615,"Yamaha, PSR-SX900",1290.14,Музыкальный центр
1616,"Yamaha, MCR-B043BL",205.72,Музыкальный центр
1617,"Yamaha, PSR-E273",170.01,Музыкальный центр
1618,"Yamaha, PSR-E373",261.35,Музыкальный центр
1619,"Yamaha, PSR-EW310",328.94,Музыкальный центр
1620,"Yamaha, PSR-SX600",664.57,Музыкальный центр
1621,"Yamaha, PSR-SX700",890.9,Музыкальный центр
33,"Anker, Soundcore 2",36.06,Портативная акустика
178,"Dali, Katch",287.68,Портативная акустика
179,"Dali, Katch G2",420.56,Портативная акустика
313,"Edifier, G15",79.76,Портативная акустика
314,"Edifier, G15-PLUS",88.26,Портативная акустика
315,"Edifier, G2000",68.26,Портативная акустика
316,"Edifier, G2000-PINK",71.46,Портативная акустика
317,"Edifier, MP380",83.91,Портативная акустика
318,"Edifier, MP700",125.03,Портативная акустика
407,"Harman Kardon, Aura Studio 3",246.89,Портативная акустика
408,"Harman Kardon, Onyx Studio 5",192.63,Портативная акустика
409,"Harman Kardon, Traveler",131.24,Портативная акустика
410,"Harman Kardon, Aura Studio 2",178.73,Портативная акустика
411,"Harman Kardon, Esquire 2",176.79,Портативная акустика
412,"Harman Kardon, Esquire Mini 2",135.47,Портативная акустика
413,"Harman Kardon, Esquire Mini 3",89.72,Портативная акустика
414,"Harman Kardon, Go + Play Mini",258.09,Портативная акустика
504,"Heco, Music Style 100",51.1,Портативная акустика
505,"Heco, Music Style 200 BT",252.84,Портативная акустика
617,"JBL, Clip 4",61.73,Портативная акустика
618,"JBL, GO 3",40.22,Портативная акустика
619,"JBL, Go 3",44.61,Портативная акустика
620,"JBL, Charge 5",157.54,Портативная акустика
621,"JBL, PartyBox On-The-Go",264.71,Портативная акустика
622,"JBL, Pulse 4",172.81,Портативная акустика
712,"KEF, Porsche Design Gravity One",574.46,Портативная акустика
713,"KEF, Porsche Design Gravity One Black",623.88,Портативная акустика
714,"KEF, Porsche Design Gravity One Blue",609.88,Портативная акустика
715,"KEF, Porsche Design Gravity One Champagne",588.17,Портативная акустика
716,"KEF, Porsche Design Gravity One Gold",574.54,Портативная акустика
717,"KEF, Porsche Design Gravity One Red",567.53,Портативная акустика
718,"KEF, Porsche Design Gravity One Silver",581.18,Портативная акустика
719,"KEF, Porsche Design Gravity One Space Grey",595.12,Портативная акустика
720,"KEF, Porsche Design Gravity One Titanium",574.87,Портативная акустика
721,"KEF, MUO",283.52,Портативная акустика
722,"KEF, Muo",267.55,Портативная акустика
723,"KEF, Muo Horizon",352.75,Портативная акустика
724,"KEF, Muo Metal",308.18,Портативная акустика
795,"Klipsch, Heritage Wireless One II",220.08,Портативная акустика
990,"Marshall, Emberton",129.25,Портативная акустика
991,"Marshall, Kilburn",130.82,Портативная акустика
992,"Marshall, Kilburn II",240.12,Портативная акустика
993,"Marshall, Tufton",332.0,Портативная акустика
1053,"Onkyo, CS-265",252.42,Портативная акустика
1153,"Pioneer, XW-SX50",170.1,Портативная акустика
1154,"Pioneer, XW-SX70",246.14,Портативная акустика
1492,"Tribit, StormBox",63.84,Портативная акустика
1493,"Tribit, StormBox Micro",44.16,Портативная акустика
1494,"Tribit, XBoom",78.64,Портативная акустика
1543,"Wharfedale, EXSON M",98.46,Портативная акустика
1544,"Wharfedale, Exson M",131.47,Портативная акустика
1545,"Wharfedale, Exson S",104.68,Портативная акустика
1546,"Wharfedale, Vista 100",88.23,Портативная акустика
1547,"Wharfedale, Vista 200",126.82,Портативная акустика
1640,"Yamaha, MusicCast 50",409.89,Портативная акустика
1641,"Yamaha, WX-010",174.88,Портативная акустика
1642,"Yamaha, WX-010BL",135.37,Портативная акустика
1643,"Yamaha, WX-030BL",174.34,Портативная акустика
8,"AKG, K240",61.57,Проводные наушники
9,"AKG, K240STUDIO",58.95,Проводные наушники
10,"AKG, K701",166.4,Проводные наушники
11,"AKG, K92",49.56,Проводные наушники
53,"Audio-Technica, ATH-M20X",42.46,Проводные наушники
54,"Audio-Technica, ATH-M30X",56.83,Проводные наушники
55,"Audio-Technica, ATH-M50X",134.19,Проводные наушники
70,"Beyerdynamic, DT 770 PRO",125.11,Проводные наушники
71,"Beyerdynamic, DT 880 PRO",170.86,Проводные наушники
72,"Beyerdynamic, DT 990 PRO",158.91,Проводные наушники
239,"Denon, AH-C260R",43.41,Проводные наушники
319,"Edifier, H840",34.39,Проводные наушники
320,"Edifier, H840-GREY",42.06,Проводные наушники
321,"Edifier, H840P",40.05,Проводные наушники
322,"Edifier, H850",40.92,Проводные наушники
323,"Edifier, P841",60.32,Проводные наушники
415,"Harman Kardon, CL",104.61,Проводные наушники
416,"Harman Kardon, Soho II NC",242.89,Проводные наушники
508,"Heco, Stay 100",27.12,Проводные наушники
509,"Heco, Stay 300",43.95,Проводные наушники
623,"JBL, Quantum 50",25.86,Проводные наушники
624,"JBL, T450",25.21,Проводные наушники
625,"JBL, T460BT",36.1,Проводные наушники
626,"JBL, T290",35.52,Проводные наушники
627,"JBL, Tune 110",16.88,Проводные наушники
628,"JBL, Tune 500",26.5,Проводные наушники
656,"JVC, HA-RX330",26.45,Проводные наушники
725,"KEF, M200",163.27,Проводные наушники
726,"KEF, Porsche Design Space One",249.31,Проводные наушники
727,"KEF, Space One",283.32,Проводные наушники
796,"Klipsch, Heritage Headphones",489.61,Проводные наушники
821,"Koss, KPH30i",25.32,Проводные наушники
910,"Magnat, LZR 580",66.56,Проводные наушники
911,"Magnat, LZR 980",90.37,Проводные наушники
994,"Marshall, Mode EQ",63.25,Проводные наушники
1054,"Onkyo, ES-HF300",135.17,Проводные наушники
1066,"Panasonic, RP-HT161",17.65,Проводные наушники
1075,"Philips, SHP6000",40.79,Проводные наушники
1076,"Philips, SHP9500",57.64,Проводные наушники
1156,"Pioneer, SE-CH5T",67.34,Проводные наушники
1157,"Pioneer, SE-QL2T",42.32,Проводные наушники
1158,"Pioneer, SE-CH9T",96.58,Проводные наушники
1159,"Pioneer, SE-MHR5",220.16,Проводные наушники
1160,"Pioneer, SE-MS5T",121.64,Проводные наушники
1161,"Pioneer, SE-MX9",170.62,Проводные наушники
1378,"Sennheiser, HD 2.30",44.11,Проводные наушники
1379,"Sennheiser, HD 201",16.25,Проводные наушники
1380,"Sennheiser, HD 206",40.06,Проводные наушники
1381,"Sennheiser, HD 206 II",24.47,Проводные наушники
1382,"Sennheiser, HD 206G",24.91,Проводные наушники
1383,"Sennheiser, HD 300",67.81,Проводные наушники
1384,"Sennheiser, HD 660 S",414.81,Проводные наушники
1385,"Sennheiser, HD 800 S",1319.23,Проводные наушники
1386,"Sennheiser, HD 25",124.02,Проводные наушники
1387,"Sennheiser, HD 280 PRO",83.2,Проводные наушники
1388,"Sennheiser, HD 300 PRO",159.27,Проводные наушники
1389,"Sennheiser, HD 400S",63.65,Проводные наушники
1390,"Sennheiser, HD 559",128.17,Проводные наушники
1391,"Sennheiser, HD 560S",163.6,Проводные наушники
1392,"Sennheiser, HD 569",152.19,Проводные наушники
1393,"Sennheiser, HD 599",162.56,Проводные наушники
1403,"Shure, SRH440",83.69,Проводные наушники
1404,"Shure, SRH240A",48.66,Проводные наушники
1405,"Shure, SRH840",133.93,Проводные наушники
1419,"Skullcandy, Crusher",72.49,Проводные наушники
1420,"Skullcandy, Riff",35.63,Проводные наушники
1458,"Sony, MDRZX110/BLK",13.39,Проводные наушники
1459,"Sony, MDR-7506",88.16,Проводные наушники
1460,"Sony, MDR-XB450AP",33.45,Проводные наушники
1461,"Sony, MDR7506",80.6,Проводные наушники
1645,"Yamaha, HPH-50B",41.78,Проводные наушники
1646,"Yamaha, EPH-100",130.03,Проводные наушники
1647,"Yamaha, EPH-200",171.26,Проводные наушники
1648,"Yamaha, HPH-MT5",85.68,Проводные наушники
1649,"Yamaha, HPH-MT7",123.64,Проводные наушники
37,"Anthem, MCA 225",1800.38,Усилитель мощности
38,"Anthem, MCA 525",2670.89,Усилитель мощности
56,"AudioSource, AMP100VS",122.41,Усилитель мощности
67,"Behringer, NX3000D",246.4,Усилитель мощности
109,"Bryston, 4B³",3560.72,Усилитель мощности
115,"Cambridge Audio, Azur 851W",2100.79,Усилитель мощности
129,"Crown, XLS 1002",252.65,Усилитель мощности
199,"Dayton Audio, APA150",174.69,Усилитель мощности
341,"Emotiva, XPA-2 Gen3",680.33,Усилитель мощности
342,"Emotiva, XPA-3 Gen3",810.38,Усилитель мощности
343,"Emotiva, XPA-5 Gen3",1275.72,Усилитель мощности
525,"Heco, Smart Amp 100",172.22,Усилитель мощности
526,"Heco, Smart Amp 50",126.19,Усилитель мощности
936,"Magnat, MA 600",738.18,Усилитель мощности
937,"Magnat, MA 700",788.86,Усилитель мощности
963,"Marantz, HD-AMP1",1290.4,Усилитель мощности
964,"Marantz, MM7025",880.27,Усилитель мощности
965,"Marantz, MM7055",1080.03,Усилитель мощности
966,"Marantz, MM8077",1800.54,Усилитель мощности
1019,"NAD, C 275BEE",1275.96,Усилитель мощности
1020,"NAD, CI 980",672.69,Усилитель мощности
1027,"Nobsound, NS-10G",83.33,Усилитель мощности
1056,"Onkyo, M-5010",340.88,Усилитель мощности
1070,"Parasound, 2125v2",810.16,Усилитель мощности
1071,"Parasound, Halo A 23+",1720.03,Усилитель мощности
1174,"Pioneer, GM-D8704",204.83,Усилитель мощности
1175,"Pioneer, GM-D9705",339.87,Усилитель мощности
1306,"Rotel, RB-1590",2490.42,Усилитель мощности
1307,"Rotel, RB-1552 MkII",1170.05,Усилитель мощности
1308,"SMSL, SA-36A Pro",59.71,Усилитель мощности
1668,"Yamaha, MX-A5200BL",2400.26,Усилитель мощности
1669,"Yamaha, P2500S",491.46,Усилитель мощности
1670,"Yamaha, P3500S",680.04,Усилитель мощности
1671,"Yamaha, PX3",352.94,Усилитель мощности
1672,"Yamaha, XMV4140",1350.63,Усилитель мощности
26,"Anker, Soundcore Liberty Neo",35.92,Беспроводные наушники
27,"Anker, Soundcore Life Q10",33.82,Беспроводные наушники
28,"Anker, Soundcore Liberty 2 Pro",126.79,Беспроводные наушники
29,"Anker, Soundcore Liberty Air",72.11,Беспроводные наушники
30,"Anker, Soundcore Liberty Air 2",86.96,Беспроводные наушники
31,"Anker, Soundcore Life Dot 2",42.7,Беспроводные наушники
32,"Anker, Soundcore Life P2",41.52,Беспроводные наушники
80,"Bose, SoundSport Free",172.87,Беспроводные наушники
219,"Denon, AH-C160W",122.23,Беспроводные наушники
220,"Denon, AH-GC30",340.07,Беспроводные наушники
221,"Denon, AH-GC25W",170.54,Беспроводные наушники
263,"Edifier, HECATE GM5",270.45,Беспроводные наушники
264,"Edifier, TWS NB",97.54,Беспроводные наушники
265,"Edifier, TWS NB-GREY",98.7,Беспроводные наушники
266,"Edifier, TWS NB2",80.5,Беспроводные наушники
267,"Edifier, TWS1",36.13,Беспроводные наушники
268,"Edifier, TWS1 Pro",70.7,Беспроводные наушники
269,"Edifier, TWS1 Pro-GREY",70.89,Беспроводные наушники
270,"Edifier, TWS5-PLUS",97.83,Беспроводные наушники
271,"Edifier, TWS6",80.54,Беспроводные наушники
272,"Edifier, W200BT-PURPLE",50.68,Беспроводные наушники
273,"Edifier, W296BT",67.69,Беспроводные наушники
274,"Edifier, W800BT",56.89,Беспроводные наушники
275,"Edifier, W800BT-WHITE",60.13,Беспроводные наушники
276,"Edifier, W820NB",73.42,Беспроводные наушники
277,"Edifier, W820NB-RED",77.13,Беспроводные наушники
278,"Edifier, W830BT",83.12,Беспроводные наушники
279,"Edifier, W860NB",132.04,Беспроводные наушники
280,"Edifier, W860NB-BLACK",123.67,Беспроводные наушники
281,"Edifier, X3",35.55,Беспроводные наушники
282,"Edifier, X5",43.78,Беспроводные наушники
283,"Edifier, X6",62.84,Беспроводные наушники
378,"Harman Kardon, FLY BT",212.66,Беспроводные наушники
379,"Harman Kardon, FLY TWS",129.98,Беспроводные наушники
380,"Harman Kardon, FLY BT+",348.45,Беспроводные наушники
381,"Harman Kardon, BT",89.41,Беспроводные наушники
382,"Harman Kardon, FLY ANC",209.7,Беспроводные наушники
383,"Harman Kardon, Fly ANC",249.19,Беспроводные наушники
384,"Harman Kardon, Fly BT",174.1,Беспроводные наушники
385,"Harman Kardon, Fly TWS",130.51,Беспроводные наушники
457,"Heco, Liberty 50",69.29,Беспроводные наушники
458,"Heco, Liberty 200",96.42,Беспроводные наушники
559,"JBL, Endurance Peak II",87.92,Беспроводные наушники
560,"JBL, Live 400BT",89.15,Беспроводные наушники
561,"JBL, Tune 120TWS",69.67,Беспроводные наушники
562,"JBL, Tune 220TWS",88.73,Беспроводные наушники
563,"JBL, Tune 500BT",43.15,Беспроводные наушники
564,"JBL, Tune 510BT",45.38,Беспроводные наушники
565,"JBL, Club 950NC",199.56,Беспроводные наушники
566,"JBL, Club Pro+ TWS",178.09,Беспроводные наушники
567,"JBL, E55BT",122.25,Беспроводные наушники
568,"JBL, Free X",65.03,Беспроводные наушники
569,"JBL, Live 650BTNC",178.47,Беспроводные наушники
570,"JBL, Reflect Mini NC",126.9,Беспроводные наушники
571,"JBL, Tune 125TWS",84.14,Беспроводные наушники
572,"JBL, Tune 225TWS",88.66,Беспроводные наушники
657,"Jabra, Elite 65t",105.66,Беспроводные наушники
658,"Jabra, Elite 75t",153.92,Беспроводные наушники
673,"KEF, KStream",130.35,Беспроводные наушники
674,"KEF, Porsche Design Motion One Black",425.56,Беспроводные наушники
675,"KEF, Porsche Design Motion One Champagne",440.27,Беспроводные наушники
676,"KEF, Porsche Design Motion One Gold",410.0,Беспроводные наушники
677,"KEF, Porsche Design Motion One Silver",425.16,Беспроводные наушники
678,"KEF, Porsche Design Motion One Titanium",435.76,Беспроводные наушники
679,"KEF, Porsche Design Space One Titanium",581.16,Беспроводные наушники
680,"KEF, Porsche Design Space One Wireless",410.09,Беспроводные наушники
681,"KEF, Porsche Design Space One Wireless Black",704.48,Беспроводные наушники
682,"KEF, Porsche Design Space One Wireless Champagne",656.88,Беспроводные наушники
683,"KEF, Porsche Design Space One Wireless Gold",656.74,Беспроводные наушники
684,"KEF, Porsche Design Space One Wireless Silver",688.62,Беспроводные наушники
685,"KEF, Porsche Design Space One Wireless Titanium",656.51,Беспроводные наушники
686,"KEF, Mu3",170.39,Беспроводные наушники
687,"KEF, Mu3 Gloss White",222.81,Беспроводные наушники
688,"KEF, Mu3 Titanium Grey",220.8,Беспроводные наушники
689,"KEF, Porsche Design Motion One",225.57,Беспроводные наушники
690,"KEF, Porsche Design Motion One Sport",290.91,Беспроводные наушники
691,"KEF, Porsche Design Motion Six",258.59,Беспроводные наушники
692,"KEF, Porsche Design Motion Six Sport",324.55,Беспроводные наушники
693,"KEF, Space One Wireless",336.09,Беспроводные наушники
758,"Klipsch, T5 II True Wireless",172.87,Беспроводные наушники
759,"Klipsch, T5 II True Wireless Sport",199.85,Беспроводные наушники
859,"Magnat, LZR 588 BT",133.55,Беспроводные наушники
860,"Magnat, LZR 588 BT Pro",141.24,Беспроводные наушники
974,"Marshall, MID A.N.C.",238.21,Беспроводные наушники
975,"Marshall, Major III",122.37,Беспроводные наушники
976,"Marshall, Major III Voice",147.9,Беспроводные наушники
977,"Marshall, Major IV",121.63,Беспроводные наушники
978,"Marshall, Mode II",153.5,Беспроводные наушники
979,"Marshall, Monitor II ANC",268.85,Беспроводные наушники
1039,"Onkyo, H500BT",164.51,Беспроводные наушники
1101,"Pioneer, SE-C8TW",81.73,Беспроводные наушники
1102,"Pioneer, SE-MJ553BT",89.94,Беспроводные наушники
1103,"Pioneer, SE-C7BT",65.67,Беспроводные наушники
1104,"Pioneer, SE-CL5BT",52.65,Беспроводные наушники
1105,"Pioneer, SE-E7BT",132.78,Беспроводные наушники
1106,"Pioneer, SE-E8TW",121.82,Беспроводные наушники
1107,"Pioneer, SE-MS7BT",167.58,Беспроводные наушники
1108,"Pioneer, SE-S6BN",98.89,Беспроводные наушники
1319,"Sennheiser, CX 100",31.57,Беспроводные наушники
1320,"Sennheiser, CX 150BT",44.06,Беспроводные наушники
1321,"Sennheiser, CX 300S",43.37,Беспроводные наушники
1322,"Sennheiser, CX 350BT",64.0,Беспроводные наушники
1323,"Sennheiser, Momentum True Wireless",245.81,Беспроводные наушники
1324,"Sennheiser, CX 400BT True Wireless",164.42,Беспроводные наушники
1325,"Sennheiser, HD 350",112.97,Беспроводные наушники
1326,"Sennheiser, HD 350BT",103.31,Беспроводные наушники
1327,"Sennheiser, HD 350BTNC",175.23,Беспроводные наушники
1328,"Sennheiser, HD 4.40 BT",84.87,Беспроводные наушники
1329,"Sennheiser, HD 4.40BT",80.96,Беспроводные наушники
1330,"Sennheiser, HD 4.50 BTNC",131.36,Беспроводные наушники
1331,"Sennheiser, HD 4.50BTNC",129.89,Беспроводные наушники
1332,"Sennheiser, HD 400S BT",83.71,Беспроводные наушники
1333,"Sennheiser, HD 450BT",129.99,Беспроводные наушники
1334,"Sennheiser, HD 450BTNC",143.84,Беспроводные наушники
1414,"Skullcandy, Dime True Wireless",23.38,Беспроводные наушники
1415,"Skullcandy, Push",88.15,Беспроводные наушники
1416,"Skullcandy, Indy Fuel",82.25,Беспроводные наушники
1417,"Skullcandy, Sesh Evo",54.81,Беспроводные наушники
1438,"Sony, WF-XB700",70.54,Беспроводные наушники
1439,"Sony, WF-1000XM3",168.42,Беспроводные наушники
1440,"Sony, WF-1000XM4",249.64,Беспроводные наушники
1441,"Sony, WF-SP700N",90.98,Беспроводные наушники
1442,"Sony, WF-SP800N",125.45,Беспроводные наушники
1466,"SoundPEATS, TrueFree+",25.05,Беспроводные наушники
1467,"SoundPEATS, TrueAir2",34.76,Беспроводные наушники
1468,"SoundPEATS, TrueAir2+",41.27,Беспроводные наушники
1469,"SoundPEATS, TrueFree2",25.17,Беспроводные наушники
1477,"TOZO, T6",35.94,Беспроводные наушники
1480,"TaoTronics, SoundLiberty 79",42.0,Беспроводные наушники
1481,"TaoTronics, SoundLiberty 53",49.86,Беспроводные наушники
1482,"TaoTronics, SoundLiberty 80",52.25,Беспроводные наушники
1483,"TaoTronics, SoundLiberty 94",54.61,Беспроводные наушники
1590,"Yamaha, EPH-W32",68.82,Беспроводные наушники
1591,"Yamaha, TW-E3A",128.48,Беспроводные наушники
1592,"Yamaha, YH-L700A",425.72,Беспроводные наушники
1593,"Yamaha, HPH-MT8",267.38,Беспроводные наушники
1594,"Yamaha, TW-E5A",170.3,Беспроводные наушники
1595,"Yamaha, YH-E500A",222.75,Беспроводные наушники
1596,"Yamaha, YH-E700A",304.02,Беспроводные наушники
